<step title="Incoming Request" date="2025-10-30T22:30:06.807" instance="9d9ad2" url="/api/publish?async=true&amp;deployer=GITHUB_ONE_DEPLOY&amp;type=zip&amp;message=%7B%22type%22%3A%22deployment%22%2C%22sha%22%3A%22c299d1ed2960ce5858d80673472cfc0bdb48ce73%22%2C%22repoName%22%3A%22KayVee77%2Fkid-chore-points%22%2C%22actor%22%3A%22KayVee77%22%2C%22slotName%22%3A%22Production%22%2C%22commitMessage%22%3A%22setup%20pipelije%22%7D" method="POST" type="request" pid="768,1,24" Host="elija-agota.scm.azurewebsites.net" User-Agent="GITHUBACTIONS_DeployWebAppToAzure_447cc94276dbd68cf81be55ee451002528eb92b7c86599d217777599f45f742c" Authorization="Bea..." Content-Type="application/octet-stream" Cookie="ARRAffinity=9d9ad26f55314832f40453d107bc280606f9336225ee3827727ea25821b4efdd;Path=/;HttpOnly;Secure;Domain=elija-agota.scm.azurewebsites.net; ARRAffinitySameSite=9d9ad26f55314832f40453d107bc280606f9336225ee3827727ea25821b4efdd;Path=/;HttpOnly;SameSite=None;Secure;Domain=elija-agota.scm.azurewebsites.net" Transfer-Encoding="chunked" X-ARR-LOG-ID="b620c260-603b-4dbc-9202-eeed84b4dc4c" CLIENT-IP="64.236.135.117:10296" X-SITE-DEPLOYMENT-ID="elija-agota" WAS-DEFAULT-HOSTNAME="elija-agota.scm.azurewebsites.net" X-Forwarded-Proto="https" X-AppService-Proto="https" X-Forwarded-TlsVersion="1.3" X-WAWS-Unencoded-URL="/api/publish?async=true&amp;deployer=GITHUB_ONE_DEPLOY&amp;type=zip&amp;message=%7B%22type%22%3A%22deployment%22%2C%22sha%22%3A%22c299d1ed2960ce5858d80673472cfc0bdb48ce73%22%2C%22repoName%22%3A%22KayVee77%2Fkid-chore-points%22%2C%22actor%22%3A%22KayVee77%22%2C%22slotName%22%3A%22Production%22%2C%22commitMessage%22%3A%22setup%20pipelije%22%7D" X-Client-IP="64.236.135.117" X-Client-Port="10296" >
  <step title="OneDeploy" date="2025-10-30T22:30:07.040" >
    <step title="None repository commit" date="2025-10-30T22:30:07.072" >
      <step title="Commit id: 24215fbf-3702-4840-9948-6d81f94e2b0a" date="2025-10-30T22:30:07.078" Message="N/A" AuthorName="N/A" AuthorEmail="N/A" /><!-- duration: 7ms -->
    </step><!-- duration: 18ms -->
    <step title="Starting PushDeployAsync" date="2025-10-30T22:30:07.095" /><!-- duration: 4ms -->
    <step title="Writing artifact to /tmp/zipdeploy/4914b243-aa5b-40bf-839f-4426c31fa762.zip" date="2025-10-30T22:30:07.154" >
      <step title="Writing multipart request body to /tmp/zipdeploy/4914b243-aa5b-40bf-839f-4426c31fa762.zip" date="2025-10-30T22:30:07.172" /><!-- duration: 16ms -->
    </step><!-- duration: 128ms -->
    <step title="Start deployment in the background" date="2025-10-30T22:30:07.321" >
      <step title="Acquiring Deployment Lock" date="2025-10-30T22:30:07.348" /><!-- duration: 10ms -->
      <step title="Acquired Deployment Lock" date="2025-10-30T22:30:07.477" /><!-- duration: 4ms -->
    </step><!-- duration: 342ms -->
  </step><!-- duration: 655ms -->
  <step title="Outgoing response" date="2025-10-30T22:30:07.706" type="response" statusCode="202" statusText="Accepted" /><!-- duration: 6ms -->
</step><!-- duration: 909ms -->
