<step title="Incoming Request" date="2025-10-31T11:35:14.334" instance="9d9ad2" url="/api/deployments/latest?deployer=OneDeploy&amp;time=2025-10-31_11-33-23Z" method="GET" type="request" pid="771,1,37" Host="elija-agota.scm.azurewebsites.net" User-Agent="GITHUBACTIONS_DeployWebAppToAzure_447cc94276dbd68cf81be55ee451002528eb92b7c86599d217777599f45f742c" Authorization="Bea..." Content-Type="application/json; charset=utf-8" Cookie="ARRAffinity=9d9ad26f55314832f40453d107bc280606f9336225ee3827727ea25821b4efdd;Path=/;HttpOnly;Secure;Domain=elija-agota.scm.azurewebsites.net; ARRAffinitySameSite=9d9ad26f55314832f40453d107bc280606f9336225ee3827727ea25821b4efdd;Path=/;HttpOnly;SameSite=None;Secure;Domain=elija-agota.scm.azurewebsites.net" Content-Length="0" X-ARR-LOG-ID="bb0ae102-44e3-4998-85c1-b03eba81b094" CLIENT-IP="52.173.219.148:25634" X-SITE-DEPLOYMENT-ID="elija-agota" WAS-DEFAULT-HOSTNAME="elija-agota.scm.azurewebsites.net" X-Forwarded-Proto="https" X-AppService-Proto="https" X-Forwarded-TlsVersion="1.3" X-WAWS-Unencoded-URL="/api/deployments/latest?deployer=OneDeploy&amp;time=2025-10-31_11-33-23Z" X-Client-IP="52.173.219.148" X-Client-Port="25634" >
  <step title="Cleanup Xml Logs" date="2025-10-31T11:35:14.489" >
    <step title="Cleanup Infos" date="2025-10-31T11:35:14.742" totalFiles="230" totalCleanup="70" /><!-- duration: 97ms -->
  </step><!-- duration: 369ms -->
  <step title="DeploymentService.GetResult" date="2025-10-31T11:35:15.020" >
    <step title="DeploymentService.GetLatestDeployment" date="2025-10-31T11:35:15.248" >
      <step title="DeploymentManager.GetResults" date="2025-10-31T11:35:15.366" /><!-- duration: 5553ms -->
    </step><!-- duration: 5692ms -->
  </step><!-- duration: 5947ms -->
  <step title="Outgoing response" date="2025-10-31T11:35:21.171" type="response" statusCode="202" statusText="Accepted" /><!-- duration: 38ms -->
</step><!-- duration: 6972ms -->
