<step title="Incoming Request" date="2025-10-31T18:13:48.127" instance="62968f" url="/api/publish?async=true&amp;deployer=GITHUB_ONE_DEPLOY&amp;type=zip&amp;message=%7B%22type%22%3A%22deployment%22%2C%22sha%22%3A%2259102f749a8d963f2ca78b54206a8766cb134643%22%2C%22repoName%22%3A%22KayVee77%2Fkid-chore-points%22%2C%22actor%22%3A%22KayVee77%22%2C%22slotName%22%3A%22Production%22%2C%22commitMessage%22%3A%22Add%20Azure%20auto-schedule%20guide%20for%20cost%20savings%22%7D" method="POST" type="request" pid="768,1,24" Host="elija-agota.scm.azurewebsites.net" User-Agent="GITHUBACTIONS_DeployWebAppToAzure_447cc94276dbd68cf81be55ee451002528eb92b7c86599d217777599f45f742c" Authorization="Bea..." Content-Type="application/octet-stream" Cookie="ARRAffinity=62968f75e98f1b39ee221d77d807e7671d2663c0777033f34feb2e095767bb15;Path=/;HttpOnly;Secure;Domain=elija-agota.scm.azurewebsites.net; ARRAffinitySameSite=62968f75e98f1b39ee221d77d807e7671d2663c0777033f34feb2e095767bb15;Path=/;HttpOnly;SameSite=None;Secure;Domain=elija-agota.scm.azurewebsites.net" Transfer-Encoding="chunked" X-ARR-LOG-ID="33d663ed-8af2-429c-a891-556bd9a5c2bc" CLIENT-IP="172.208.152.214:34880" X-SITE-DEPLOYMENT-ID="elija-agota" WAS-DEFAULT-HOSTNAME="elija-agota.scm.azurewebsites.net" X-Forwarded-Proto="https" X-AppService-Proto="https" X-Forwarded-TlsVersion="1.3" X-WAWS-Unencoded-URL="/api/publish?async=true&amp;deployer=GITHUB_ONE_DEPLOY&amp;type=zip&amp;message=%7B%22type%22%3A%22deployment%22%2C%22sha%22%3A%2259102f749a8d963f2ca78b54206a8766cb134643%22%2C%22repoName%22%3A%22KayVee77%2Fkid-chore-points%22%2C%22actor%22%3A%22KayVee77%22%2C%22slotName%22%3A%22Production%22%2C%22commitMessage%22%3A%22Add%20Azure%20auto-schedule%20guide%20for%20cost%20savings%22%7D" X-Client-IP="172.208.152.214" X-Client-Port="34880" >
  <step title="OneDeploy" date="2025-10-31T18:13:48.331" >
    <step title="None repository commit" date="2025-10-31T18:13:48.375" >
      <step title="Commit id: d2b4bcdb-4ac3-4e6a-b015-7ce30946d9ee" date="2025-10-31T18:13:48.386" Message="N/A" AuthorName="N/A" AuthorEmail="N/A" /><!-- duration: 16ms -->
    </step><!-- duration: 36ms -->
    <step title="Starting PushDeployAsync" date="2025-10-31T18:13:48.420" /><!-- duration: 5ms -->
    <step title="Writing artifact to /tmp/zipdeploy/6005e8a4-cea5-4bd9-9919-585afdcf032d.zip" date="2025-10-31T18:13:48.487" >
      <step title="Writing multipart request body to /tmp/zipdeploy/6005e8a4-cea5-4bd9-9919-585afdcf032d.zip" date="2025-10-31T18:13:48.497" /><!-- duration: 7ms -->
    </step><!-- duration: 130ms -->
    <step title="Removing previous build artifact&apos;s manifest file" date="2025-10-31T18:13:48.625" >
      <step title="Start deployment in the background" date="2025-10-31T18:13:48.644" >
        <step title="Acquiring Deployment Lock" date="2025-10-31T18:13:48.680" /><!-- duration: 6ms -->
        <step title="Acquired Deployment Lock" date="2025-10-31T18:13:48.767" /><!-- duration: 4ms -->
      </step><!-- duration: 270ms -->
    </step><!-- duration: 309ms -->
    <step title="Outgoing response" date="2025-10-31T18:13:48.944" type="response" statusCode="202" statusText="Accepted" /><!-- duration: 10ms -->
  </step><!-- duration: 628ms -->
