<step title="Incoming Request" date="2025-10-31T11:34:48.504" instance="9d9ad2" url="/api/deployments/latest?deployer=OneDeploy&amp;time=2025-10-31_11-33-23Z" method="GET" type="request" pid="771,1,7" Host="elija-agota.scm.azurewebsites.net" User-Agent="GITHUBACTIONS_DeployWebAppToAzure_447cc94276dbd68cf81be55ee451002528eb92b7c86599d217777599f45f742c" Authorization="Bea..." Content-Type="application/json; charset=utf-8" Cookie="ARRAffinity=9d9ad26f55314832f40453d107bc280606f9336225ee3827727ea25821b4efdd;Path=/;HttpOnly;Secure;Domain=elija-agota.scm.azurewebsites.net; ARRAffinitySameSite=9d9ad26f55314832f40453d107bc280606f9336225ee3827727ea25821b4efdd;Path=/;HttpOnly;SameSite=None;Secure;Domain=elija-agota.scm.azurewebsites.net" Content-Length="0" X-ARR-LOG-ID="9571a524-414e-42e7-bbc6-79fb9c891098" CLIENT-IP="52.173.219.148:25632" X-SITE-DEPLOYMENT-ID="elija-agota" WAS-DEFAULT-HOSTNAME="elija-agota.scm.azurewebsites.net" X-Forwarded-Proto="https" X-AppService-Proto="https" X-Forwarded-TlsVersion="1.3" X-WAWS-Unencoded-URL="/api/deployments/latest?deployer=OneDeploy&amp;time=2025-10-31_11-33-23Z" X-Client-IP="52.173.219.148" X-Client-Port="25632" >
  <step title="Cleanup Xml Logs" date="2025-10-31T11:34:48.522" >
    <step title="Cleanup Infos" date="2025-10-31T11:34:48.611" totalFiles="227" totalCleanup="67" /><!-- duration: 47ms -->
  </step><!-- duration: 172ms -->
  <step title="DeploymentService.GetResult" date="2025-10-31T11:34:48.734" >
    <step title="DeploymentService.GetLatestDeployment" date="2025-10-31T11:34:48.756" >
      <step title="DeploymentManager.GetResults" date="2025-10-31T11:34:48.802" /><!-- duration: 2073ms -->
    </step><!-- duration: 2180ms -->
  </step><!-- duration: 2226ms -->
  <step title="Outgoing response" date="2025-10-31T11:34:50.990" type="response" statusCode="202" statusText="Accepted" /><!-- duration: 31ms -->
</step><!-- duration: 2536ms -->
