<step title="Incoming Request" date="2025-10-31T10:33:53.930" instance="9d9ad2" url="/api/publish?async=true&amp;deployer=GITHUB_ONE_DEPLOY&amp;type=zip&amp;message=%7B%22type%22%3A%22deployment%22%2C%22sha%22%3A%22569f7c1277b74084dd258c140339694fc0157952%22%2C%22repoName%22%3A%22KayVee77%2Fkid-chore-points%22%2C%22actor%22%3A%22KayVee77%22%2C%22slotName%22%3A%22Production%22%2C%22commitMessage%22%3A%22Add%20data%20migration%20to%20load%20initial%20chores%20and%20rewards%20from%20CSV%20files%22%7D" method="POST" type="request" pid="770,1,47" Host="elija-agota.scm.azurewebsites.net" User-Agent="GITHUBACTIONS_DeployWebAppToAzure_447cc94276dbd68cf81be55ee451002528eb92b7c86599d217777599f45f742c" Authorization="Bea..." Content-Type="application/octet-stream" Cookie="ARRAffinity=9d9ad26f55314832f40453d107bc280606f9336225ee3827727ea25821b4efdd;Path=/;HttpOnly;Secure;Domain=elija-agota.scm.azurewebsites.net; ARRAffinitySameSite=9d9ad26f55314832f40453d107bc280606f9336225ee3827727ea25821b4efdd;Path=/;HttpOnly;SameSite=None;Secure;Domain=elija-agota.scm.azurewebsites.net" Transfer-Encoding="chunked" X-ARR-LOG-ID="85a97809-acc9-4e8c-98a0-06eef3735e5d" CLIENT-IP="52.225.29.101:10280" X-SITE-DEPLOYMENT-ID="elija-agota" WAS-DEFAULT-HOSTNAME="elija-agota.scm.azurewebsites.net" X-Forwarded-Proto="https" X-AppService-Proto="https" X-Forwarded-TlsVersion="1.3" X-WAWS-Unencoded-URL="/api/publish?async=true&amp;deployer=GITHUB_ONE_DEPLOY&amp;type=zip&amp;message=%7B%22type%22%3A%22deployment%22%2C%22sha%22%3A%22569f7c1277b74084dd258c140339694fc0157952%22%2C%22repoName%22%3A%22KayVee77%2Fkid-chore-points%22%2C%22actor%22%3A%22KayVee77%22%2C%22slotName%22%3A%22Production%22%2C%22commitMessage%22%3A%22Add%20data%20migration%20to%20load%20initial%20chores%20and%20rewards%20from%20CSV%20files%22%7D" X-Client-IP="52.225.29.101" X-Client-Port="10280" >
  <step title="OneDeploy" date="2025-10-31T10:33:54.569" >
    <step title="None repository commit" date="2025-10-31T10:33:54.603" >
      <step title="Commit id: 69bf422c-c463-4b28-90ad-29232854d556" date="2025-10-31T10:33:54.638" Message="N/A" AuthorName="N/A" AuthorEmail="N/A" /><!-- duration: 5ms -->
    </step><!-- duration: 46ms -->
    <step title="Starting PushDeployAsync" date="2025-10-31T10:33:54.653" /><!-- duration: 4ms -->
    <step title="Writing artifact to /tmp/zipdeploy/9601e3bd-af9f-4e94-bb11-8186c03c4633.zip" date="2025-10-31T10:33:54.767" >
      <step title="Writing multipart request body to /tmp/zipdeploy/9601e3bd-af9f-4e94-bb11-8186c03c4633.zip" date="2025-10-31T10:33:54.785" /><!-- duration: 19ms -->
    </step><!-- duration: 213ms -->
    <step title="Removing previous build artifact&apos;s manifest file" date="2025-10-31T10:33:54.997" >
      <step title="Start deployment in the background" date="2025-10-31T10:33:55.049" >
        <step title="Acquiring Deployment Lock" date="2025-10-31T10:33:55.174" /><!-- duration: 8ms -->
        <step title="Acquired Deployment Lock" date="2025-10-31T10:33:55.274" /><!-- duration: 9ms -->
      </step><!-- duration: 446ms -->
    </step><!-- duration: 600ms -->
    <step title="Outgoing response" date="2025-10-31T10:33:55.636" type="response" statusCode="202" statusText="Accepted" /><!-- duration: 11ms -->
  </step><!-- duration: 1095ms -->
