<step title="BackgroundTrace" date="2025-10-31T10:49:20.789" instance="9d9ad2" url="/api/publish" method="POST" >
  <step title="Creating temporary deployment - FetchDeploymentManager" date="2025-10-31T10:49:20.933" /><!-- duration: 3ms -->
  <step title="Creating temporary deployment" date="2025-10-31T10:49:20.942" /><!-- duration: 214ms -->
  <step title="Performing fetch based deployment" date="2025-10-31T10:49:21.248" >
    <step title="Cleaning up temp folders from previous zip deployments and extracting pushed zip file /tmp/zipdeploy/d79d0c32-25b0-4e55-82c6-35d51fa3b350.zip (0.12 MB) to /tmp/zipdeploy/extracted" date="2025-10-31T10:49:22.499" >
      <step title="ChmodRecursive Process exited with total time taken in ms: 149" date="2025-10-31T10:49:22.788" /><!-- duration: 17ms -->
    </step><!-- duration: 311ms -->
    <step title="Deployment timer started" date="2025-10-31T10:49:24.845" >
      <step title="DeploymentManager.Deploy(id:3be37b5e-8b9f-4073-907e-d76779f77674)" date="2025-10-31T10:49:24.862" >
        <step title="Collecting changeset information" date="2025-10-31T10:49:24.924" /><!-- duration: 109ms -->
        <step title="Updating submodules" date="2025-10-31T10:49:25.041" /><!-- duration: 1140ms -->
        <step title="Determining deployment builder" date="2025-10-31T10:49:26.496" >
          <step title="Builder is OryxBuilder" date="2025-10-31T10:49:26.521" /><!-- duration: 5ms -->
        </step><!-- duration: 576ms -->
        <step title="PreDeployment: context.CleanOutputPath False" date="2025-10-31T10:49:27.135" >
          <step title="PreDeployment: context.OutputPath /home/site/wwwroot" date="2025-10-31T10:49:27.293" >
            <step title="Building" date="2025-10-31T10:49:27.488" >
              <step title="Executing external process" date="2025-10-31T10:49:28.144" type="process" path="bash" arguments="-c &quot;oryx build /tmp/zipdeploy/extracted -o /home/site/wwwroot --platform python --platform-version 3.11 -p virtualenv_name=antenv --log-file /tmp/build-debug.log  -i /tmp/8de186b298c2d22 --compress-destination-dir | tee /tmp/oryx-build.log ; exit $PIPESTATUS &quot;" /><!-- duration: 168001ms -->
              <step title="Using PythonDeploymentLogParser" date="2025-10-31T10:52:17.390" /><!-- duration: 29ms -->
              <step title="Modified file to trigger a restart of the app container." date="2025-10-31T10:52:20.968" /><!-- duration: 19ms -->
              <step title="Skip function trigger and logicapp sync because function is not enabled." date="2025-10-31T10:52:21.025" /><!-- duration: 20ms -->
            </step><!-- duration: 175213ms -->
          </step><!-- duration: 175440ms -->
          <step title="Cleaning up temp files" date="2025-10-31T10:52:22.739" /><!-- duration: 7169ms -->
          <step title="Cleaning up temp files" date="2025-10-31T10:52:29.953" /><!-- duration: 621ms -->
          <step title="Reloading status file with latest updates" date="2025-10-31T10:52:30.696" >
            <step title="WebHooksManager.PublishEventAsync: PostDeployment" date="2025-10-31T10:52:30.747" /><!-- duration: 900ms -->
          </step><!-- duration: 971ms -->
          <step title="Cleaning up temporary deployment - fetch deployment was successful" date="2025-10-31T10:52:31.833" /><!-- duration: 20ms -->
        </step><!-- duration: 184871ms -->
      </step><!-- duration: 187200ms -->
