<step title="BackgroundTrace" date="2025-10-31T11:33:23.402" instance="9d9ad2" url="/api/publish" method="POST" >
  <step title="Creating temporary deployment - FetchDeploymentManager" date="2025-10-31T11:33:23.558" /><!-- duration: 13ms -->
  <step title="Creating temporary deployment" date="2025-10-31T11:33:23.616" /><!-- duration: 170ms -->
  <step title="Performing fetch based deployment" date="2025-10-31T11:33:24.288" >
    <step title="Cleaning up temp folders from previous zip deployments and extracting pushed zip file /tmp/zipdeploy/4996533f-777a-440d-afe5-5718901a9bde.zip (0.11 MB) to /tmp/zipdeploy/extracted" date="2025-10-31T11:33:26.781" >
      <step title="ChmodRecursive Process exited with total time taken in ms: 611" date="2025-10-31T11:33:29.148" /><!-- duration: 65ms -->
    </step><!-- duration: 2483ms -->
    <step title="Deployment timer started" date="2025-10-31T11:33:31.348" >
      <step title="DeploymentManager.Deploy(id:23964213-5a3b-45fb-acc7-91965baeb487)" date="2025-10-31T11:33:31.383" >
        <step title="Collecting changeset information" date="2025-10-31T11:33:31.473" /><!-- duration: 232ms -->
        <step title="Updating submodules" date="2025-10-31T11:33:31.743" /><!-- duration: 1311ms -->
        <step title="Determining deployment builder" date="2025-10-31T11:33:33.518" >
          <step title="Builder is OryxBuilder" date="2025-10-31T11:33:33.597" /><!-- duration: 20ms -->
        </step><!-- duration: 119ms -->
        <step title="PreDeployment: context.CleanOutputPath False" date="2025-10-31T11:33:33.752" >
          <step title="PreDeployment: context.OutputPath /home/site/wwwroot" date="2025-10-31T11:33:34.108" >
            <step title="Building" date="2025-10-31T11:33:34.850" >
              <step title="Executing external process" date="2025-10-31T11:33:36.435" type="process" path="bash" arguments="-c &quot;oryx build /tmp/zipdeploy/extracted -o /home/site/wwwroot --platform python --platform-version 3.11 -p virtualenv_name=antenv --log-file /tmp/build-debug.log  -i /tmp/8de1871530902f6 --compress-destination-dir | tee /tmp/oryx-build.log ; exit $PIPESTATUS &quot;" >
                <step title="Cpu: python3.11(1722,11.740s)+python3.11(1718,0.240s)+python3.11(1716,0.280s)+build.sh(1645,0.060s)+oryx(1621,5.620s)+tee(1622,0.000s)+bash(1620,0.000s)=total(17.920s)" date="2025-10-31T11:35:05.375" /><!-- duration: 46ms -->
                <step title="bash: no io activity for 60s, prev-cpu=-1.000s, current-cpu=17.920s" date="2025-10-31T11:35:07.127" /><!-- duration: 86ms -->
                <step title="Cpu: python(1755,15.290s)+ts(1756,0.150s)+build.sh(1754,0.000s)+build.sh(1753,0.000s)+build.sh(1645,0.070s)+oryx(1621,5.830s)+tee(1622,0.000s)+bash(1620,0.000s)=total(21.310s)" date="2025-10-31T11:36:25.765" /><!-- duration: 66ms -->
                <step title="bash: no io activity for 60s, prev-cpu=-1.000s, current-cpu=21.310s" date="2025-10-31T11:36:25.949" /><!-- duration: 22ms -->
              </step><!-- duration: 284334ms -->
              <step title="Using PythonDeploymentLogParser" date="2025-10-31T11:38:21.443" /><!-- duration: 17ms -->
              <step title="Modified file to trigger a restart of the app container." date="2025-10-31T11:38:23.360" /><!-- duration: 7ms -->
              <step title="Skip function trigger and logicapp sync because function is not enabled." date="2025-10-31T11:38:23.385" /><!-- duration: 9ms -->
            </step><!-- duration: 290034ms -->
          </step><!-- duration: 290782ms -->
          <step title="Cleaning up temp files" date="2025-10-31T11:38:24.894" /><!-- duration: 2546ms -->
          <step title="Cleaning up temp files" date="2025-10-31T11:38:27.448" /><!-- duration: 512ms -->
          <step title="Reloading status file with latest updates" date="2025-10-31T11:38:27.992" >
            <step title="WebHooksManager.PublishEventAsync: PostDeployment" date="2025-10-31T11:38:27.998" /><!-- duration: 76ms -->
          </step><!-- duration: 87ms -->
          <step title="Cleaning up temporary deployment - fetch deployment was successful" date="2025-10-31T11:38:28.088" /><!-- duration: 8ms -->
        </step><!-- duration: 294405ms -->
      </step><!-- duration: 296799ms -->
