<step title="Incoming Request" date="2025-10-30T21:50:35.162" instance="9d9ad2" url="/api/publish?async=true&amp;deployer=GITHUB_ONE_DEPLOY&amp;type=zip&amp;message=%7B%22type%22%3A%22deployment%22%2C%22sha%22%3A%22b7cb2b7ed332fb1a117fb2ea3f0dd8893258a37a%22%2C%22repoName%22%3A%22KayVee77%2Fkid-chore-points%22%2C%22actor%22%3A%22KayVee77%22%2C%22slotName%22%3A%22Production%22%2C%22commitMessage%22%3A%22Fix%20GitHub%20Actions%3A%20add%20STATIC_ROOT%20and%20remove%20collectstatic%20from%20build%22%7D" method="POST" type="request" pid="770,1,29" Host="elija-agota.scm.azurewebsites.net" User-Agent="GITHUBACTIONS_DeployWebAppToAzure_447cc94276dbd68cf81be55ee451002528eb92b7c86599d217777599f45f742c" Authorization="Bea..." Content-Type="application/octet-stream" Cookie="ARRAffinity=9d9ad26f55314832f40453d107bc280606f9336225ee3827727ea25821b4efdd;Path=/;HttpOnly;Secure;Domain=elija-agota.scm.azurewebsites.net; ARRAffinitySameSite=9d9ad26f55314832f40453d107bc280606f9336225ee3827727ea25821b4efdd;Path=/;HttpOnly;SameSite=None;Secure;Domain=elija-agota.scm.azurewebsites.net" Transfer-Encoding="chunked" X-ARR-LOG-ID="8fefc9fc-5a69-4662-bd62-9b938b3adc9e" CLIENT-IP="64.236.169.4:60448" X-SITE-DEPLOYMENT-ID="elija-agota" WAS-DEFAULT-HOSTNAME="elija-agota.scm.azurewebsites.net" X-Forwarded-Proto="https" X-AppService-Proto="https" X-Forwarded-TlsVersion="1.3" X-WAWS-Unencoded-URL="/api/publish?async=true&amp;deployer=GITHUB_ONE_DEPLOY&amp;type=zip&amp;message=%7B%22type%22%3A%22deployment%22%2C%22sha%22%3A%22b7cb2b7ed332fb1a117fb2ea3f0dd8893258a37a%22%2C%22repoName%22%3A%22KayVee77%2Fkid-chore-points%22%2C%22actor%22%3A%22KayVee77%22%2C%22slotName%22%3A%22Production%22%2C%22commitMessage%22%3A%22Fix%20GitHub%20Actions%3A%20add%20STATIC_ROOT%20and%20remove%20collectstatic%20from%20build%22%7D" X-Client-IP="64.236.169.4" X-Client-Port="60448" >
  <step title="OneDeploy" date="2025-10-30T21:50:35.491" >
    <step title="None repository commit" date="2025-10-30T21:50:35.529" >
      <step title="Commit id: d32f7412-ee41-40ba-b297-322082b111fe" date="2025-10-30T21:50:35.535" Message="N/A" AuthorName="N/A" AuthorEmail="N/A" /><!-- duration: 15ms -->
    </step><!-- duration: 25ms -->
    <step title="Starting PushDeployAsync" date="2025-10-30T21:50:35.560" /><!-- duration: 9ms -->
    <step title="Writing artifact to /tmp/zipdeploy/c2709cd6-89ff-465d-945f-12b21d75a239.zip" date="2025-10-30T21:50:35.675" >
      <step title="Writing multipart request body to /tmp/zipdeploy/c2709cd6-89ff-465d-945f-12b21d75a239.zip" date="2025-10-30T21:50:35.696" /><!-- duration: 9ms -->
    </step><!-- duration: 232ms -->
    <step title="Start deployment in the background" date="2025-10-30T21:50:35.940" >
      <step title="Acquiring Deployment Lock" date="2025-10-30T21:50:35.980" /><!-- duration: 4ms -->
      <step title="Acquired Deployment Lock" date="2025-10-30T21:50:36.123" /><!-- duration: 6ms -->
    </step><!-- duration: 446ms -->
  </step><!-- duration: 928ms -->
  <step title="Outgoing response" date="2025-10-30T21:50:36.433" type="response" statusCode="202" statusText="Accepted" /><!-- duration: 4ms -->
</step><!-- duration: 1281ms -->
