<step title="Incoming Request" date="2025-10-31T18:16:04.757" instance="62968f" url="/api/deployments/latest?deployer=OneDeploy&amp;time=2025-10-31_18-13-48Z" method="GET" type="request" pid="768,1,22" Host="elija-agota.scm.azurewebsites.net" User-Agent="GITHUBACTIONS_DeployWebAppToAzure_447cc94276dbd68cf81be55ee451002528eb92b7c86599d217777599f45f742c" Authorization="Bea..." Content-Type="application/json; charset=utf-8" Cookie="ARRAffinity=62968f75e98f1b39ee221d77d807e7671d2663c0777033f34feb2e095767bb15;Path=/;HttpOnly;Secure;Domain=elija-agota.scm.azurewebsites.net; ARRAffinitySameSite=62968f75e98f1b39ee221d77d807e7671d2663c0777033f34feb2e095767bb15;Path=/;HttpOnly;SameSite=None;Secure;Domain=elija-agota.scm.azurewebsites.net" Content-Length="0" X-ARR-LOG-ID="af18be7f-f730-4b4f-8681-2ddea9c74292" CLIENT-IP="172.208.152.214:34881" X-SITE-DEPLOYMENT-ID="elija-agota" WAS-DEFAULT-HOSTNAME="elija-agota.scm.azurewebsites.net" X-Forwarded-Proto="https" X-AppService-Proto="https" X-Forwarded-TlsVersion="1.3" X-WAWS-Unencoded-URL="/api/deployments/latest?deployer=OneDeploy&amp;time=2025-10-31_18-13-48Z" X-Client-IP="172.208.152.214" X-Client-Port="34881" >
  <step title="Cleanup Xml Logs" date="2025-10-31T18:16:04.767" >
    <step title="Cleanup Infos" date="2025-10-31T18:16:04.842" totalFiles="284" totalCleanup="124" /><!-- duration: 42ms -->
  </step><!-- duration: 134ms -->
  <step title="DeploymentService.GetResult" date="2025-10-31T18:16:04.942" >
    <step title="DeploymentService.GetLatestDeployment" date="2025-10-31T18:16:04.989" >
      <step title="DeploymentManager.GetResults" date="2025-10-31T18:16:05.027" /><!-- duration: 1280ms -->
    </step><!-- duration: 1340ms -->
  </step><!-- duration: 1413ms -->
  <step title="Outgoing response" date="2025-10-31T18:16:06.365" type="response" statusCode="202" statusText="Accepted" /><!-- duration: 29ms -->
</step><!-- duration: 1649ms -->
