<step title="BackgroundTrace" date="2025-10-31T18:13:48.650" instance="62968f" url="/api/publish" method="POST" >
  <step title="Creating temporary deployment - FetchDeploymentManager" date="2025-10-31T18:13:48.776" /><!-- duration: 3ms -->
  <step title="Creating temporary deployment" date="2025-10-31T18:13:48.785" /><!-- duration: 114ms -->
  <step title="Performing fetch based deployment" date="2025-10-31T18:13:48.972" >
    <step title="Cleaning up temp folders from previous zip deployments and extracting pushed zip file /tmp/zipdeploy/6005e8a4-cea5-4bd9-9919-585afdcf032d.zip (0.11 MB) to /tmp/zipdeploy/extracted" date="2025-10-31T18:13:50.323" >
      <step title="ChmodRecursive Process exited with total time taken in ms: 165" date="2025-10-31T18:13:50.646" /><!-- duration: 19ms -->
    </step><!-- duration: 352ms -->
    <step title="Deployment timer started" date="2025-10-31T18:13:52.699" >
      <step title="DeploymentManager.Deploy(id:d2b4bcdb-4ac3-4e6a-b015-7ce30946d9ee)" date="2025-10-31T18:13:52.710" >
        <step title="Collecting changeset information" date="2025-10-31T18:13:52.756" /><!-- duration: 135ms -->
        <step title="Updating submodules" date="2025-10-31T18:13:52.911" /><!-- duration: 1129ms -->
        <step title="Determining deployment builder" date="2025-10-31T18:13:54.367" >
          <step title="Builder is OryxBuilder" date="2025-10-31T18:13:54.400" /><!-- duration: 4ms -->
        </step><!-- duration: 42ms -->
        <step title="PreDeployment: context.CleanOutputPath False" date="2025-10-31T18:13:54.524" >
          <step title="PreDeployment: context.OutputPath /home/site/wwwroot" date="2025-10-31T18:13:54.682" >
            <step title="Building" date="2025-10-31T18:13:54.880" >
              <step title="Executing external process" date="2025-10-31T18:13:55.453" type="process" path="bash" arguments="-c &quot;oryx build /tmp/zipdeploy/extracted -o /home/site/wwwroot --platform python --platform-version 3.11 -p virtualenv_name=antenv --log-file /tmp/build-debug.log  -i /tmp/8de18a940851480 --compress-destination-dir | tee /tmp/oryx-build.log ; exit $PIPESTATUS &quot;" /><!-- duration: 160018ms -->
              <step title="Using PythonDeploymentLogParser" date="2025-10-31T18:16:36.229" /><!-- duration: 13ms -->
              <step title="Modified file to trigger a restart of the app container." date="2025-10-31T18:16:37.991" /><!-- duration: 3ms -->
              <step title="Skip function trigger and logicapp sync because function is not enabled." date="2025-10-31T18:16:38.003" /><!-- duration: 11ms -->
            </step><!-- duration: 164726ms -->
          </step><!-- duration: 164932ms -->
          <step title="Cleaning up temp files" date="2025-10-31T18:16:39.618" /><!-- duration: 3365ms -->
          <step title="Cleaning up temp files" date="2025-10-31T18:16:43.005" /><!-- duration: 519ms -->
          <step title="Reloading status file with latest updates" date="2025-10-31T18:16:43.577" >
            <step title="WebHooksManager.PublishEventAsync: PostDeployment" date="2025-10-31T18:16:43.593" /><!-- duration: 288ms -->
          </step><!-- duration: 314ms -->
          <step title="Cleaning up temporary deployment - fetch deployment was successful" date="2025-10-31T18:16:43.927" /><!-- duration: 9ms -->
        </step><!-- duration: 169520ms -->
      </step><!-- duration: 171365ms -->
