<step title="Incoming Request" date="2025-10-31T18:15:43.231" instance="62968f" url="/api/deployments/latest?deployer=OneDeploy&amp;time=2025-10-31_18-13-48Z" method="GET" type="request" pid="768,1,18" Host="elija-agota.scm.azurewebsites.net" User-Agent="GITHUBACTIONS_DeployWebAppToAzure_447cc94276dbd68cf81be55ee451002528eb92b7c86599d217777599f45f742c" Authorization="Bea..." Content-Type="application/json; charset=utf-8" Cookie="ARRAffinity=62968f75e98f1b39ee221d77d807e7671d2663c0777033f34feb2e095767bb15;Path=/;HttpOnly;Secure;Domain=elija-agota.scm.azurewebsites.net; ARRAffinitySameSite=62968f75e98f1b39ee221d77d807e7671d2663c0777033f34feb2e095767bb15;Path=/;HttpOnly;SameSite=None;Secure;Domain=elija-agota.scm.azurewebsites.net" Content-Length="0" X-ARR-LOG-ID="08d1e6a7-f97c-4c05-8740-ee00672e21c8" CLIENT-IP="172.208.152.214:34880" X-SITE-DEPLOYMENT-ID="elija-agota" WAS-DEFAULT-HOSTNAME="elija-agota.scm.azurewebsites.net" X-Forwarded-Proto="https" X-AppService-Proto="https" X-Forwarded-TlsVersion="1.3" X-WAWS-Unencoded-URL="/api/deployments/latest?deployer=OneDeploy&amp;time=2025-10-31_18-13-48Z" X-Client-IP="172.208.152.214" X-Client-Port="34880" >
  <step title="Cleanup Xml Logs" date="2025-10-31T18:15:43.242" >
    <step title="Cleanup Infos" date="2025-10-31T18:15:43.288" totalFiles="281" totalCleanup="121" /><!-- duration: 20ms -->
  </step><!-- duration: 78ms -->
  <step title="DeploymentService.GetResult" date="2025-10-31T18:15:43.394" >
    <step title="DeploymentService.GetLatestDeployment" date="2025-10-31T18:15:43.404" >
      <step title="DeploymentManager.GetResults" date="2025-10-31T18:15:43.422" /><!-- duration: 1997ms -->
    </step><!-- duration: 2082ms -->
  </step><!-- duration: 2119ms -->
  <step title="Outgoing response" date="2025-10-31T18:15:45.545" type="response" statusCode="202" statusText="Accepted" /><!-- duration: 19ms -->
</step><!-- duration: 2361ms -->
