<step title="Incoming Request" date="2025-10-31T11:29:45.553" instance="9d9ad2" url="/api/publish?async=true&amp;deployer=GITHUB_ONE_DEPLOY&amp;type=zip&amp;message=%7B%22type%22%3A%22deployment%22%2C%22sha%22%3A%22e713173ccefddea26017dc74b9b8923c0b4ed078%22%2C%22repoName%22%3A%22KayVee77%2Fkid-chore-points%22%2C%22actor%22%3A%22KayVee77%22%2C%22slotName%22%3A%22Production%22%2C%22commitMessage%22%3A%22Clean%20up%20repository%20and%20update%20README%20for%20production%5Cn%5CnRemoved%20unnecessary%20files%3A%5Cn-%20Planning%20docs%3A%20ADVENTURE_MAP%2C%20UI_ENHANCEMENT%2C%20POINT_SYSTEM%5Cn-%20Troubleshooting%20docs%3A%20BUGFIX%2C%20DATABASE_REBUILD%2C%20HTTPS_SETUP%5Cn-%20Old%20instructions.md%20(replaced%20by%20Copilot%20instructions)%5Cn-%20Test%20script%3A%20test_points_fix.py%5Cn-%20Temp%20files%3A%20azure-logs.zip%2C%20.playwright-mcp%5Cn%5CnUpdated%20README.md%20with%3A%5Cn-%20Production%20app%20URL%20and%20Azure%20details%5Cn-%20Clear%20localhost%20vs%20production%20distinction%5Cn-%20Branch%20strategy%20(feature%20branches%20for%20dev%2C%20main%20for%20prod)%5Cn-%20Gender-aware%20greetings%20documentation%5Cn-%20Session%20security%20information%5Cn-%20Complete%20setup%20and%20deployment%20instructions%5Cn-%20User%20accounts%20reference%20(prod%20and%20local)%5Cn%5CnRemoved%20old%20chorepoints%2FREADME.md%20(duplicated%20content)%22%7D" method="POST" type="request" pid="771,1,17" Host="elija-agota.scm.azurewebsites.net" User-Agent="GITHUBACTIONS_DeployWebAppToAzure_447cc94276dbd68cf81be55ee451002528eb92b7c86599d217777599f45f742c" Authorization="Bea..." Content-Type="application/octet-stream" Cookie="ARRAffinity=9d9ad26f55314832f40453d107bc280606f9336225ee3827727ea25821b4efdd;Path=/;HttpOnly;Secure;Domain=elija-agota.scm.azurewebsites.net; ARRAffinitySameSite=9d9ad26f55314832f40453d107bc280606f9336225ee3827727ea25821b4efdd;Path=/;HttpOnly;SameSite=None;Secure;Domain=elija-agota.scm.azurewebsites.net" Transfer-Encoding="chunked" X-ARR-LOG-ID="78613134-5ac3-44b7-947e-aa366ef30dcc" CLIENT-IP="172.182.195.136:56384" X-SITE-DEPLOYMENT-ID="elija-agota" WAS-DEFAULT-HOSTNAME="elija-agota.scm.azurewebsites.net" X-Forwarded-Proto="https" X-AppService-Proto="https" X-Forwarded-TlsVersion="1.3" X-WAWS-Unencoded-URL="/api/publish?async=true&amp;deployer=GITHUB_ONE_DEPLOY&amp;type=zip&amp;message=%7B%22type%22%3A%22deployment%22%2C%22sha%22%3A%22e713173ccefddea26017dc74b9b8923c0b4ed078%22%2C%22repoName%22%3A%22KayVee77%2Fkid-chore-points%22%2C%22actor%22%3A%22KayVee77%22%2C%22slotName%22%3A%22Production%22%2C%22commitMessage%22%3A%22Clean%20up%20repository%20and%20update%20README%20for%20production%5Cn%5CnRemoved%20unnecessary%20files%3A%5Cn-%20Planning%20docs%3A%20ADVENTURE_MAP%2C%20UI_ENHANCEMENT%2C%20POINT_SYSTEM%5Cn-%20Troubleshooting%20docs%3A%20BUGFIX%2C%20DATABASE_REBUILD%2C%20HTTPS_SETUP%5Cn-%20Old%20instructions.md%20(replaced%20by%20Copilot%20instructions)%5Cn-%20Test%20script%3A%20test_points_fix.py%5Cn-%20Temp%20files%3A%20azure-logs.zip%2C%20.playwright-mcp%5Cn%5CnUpdated%20README.md%20with%3A%5Cn-%20Production%20app%20URL%20and%20Azure%20details%5Cn-%20Clear%20localhost%20vs%20production%20distinction%5Cn-%20Branch%20strategy%20(feature%20branches%20for%20dev%2C%20main%20for%20prod)%5Cn-%20Gender-aware%20greetings%20documentation%5Cn-%20Session%20security%20information%5Cn-%20Complete%20setup%20and%20deployment%20instructions%5Cn-%20User%20accounts%20reference%20(prod%20and%20local)%5Cn%5CnRemoved%20old%20chorepoints%2FREADME.md%20(duplicated%20content)%22%7D" X-Client-IP="172.182.195.136" X-Client-Port="56384" >
  <step title="OneDeploy" date="2025-10-31T11:29:45.618" >
    <step title="Starting PushDeployAsync" date="2025-10-31T11:29:45.636" /><!-- duration: 10ms -->
    <step title="Writing artifact to /tmp/zipdeploy/276bb33b-ab1c-403a-ba5f-61822abb14d7.zip" date="2025-10-31T11:29:45.673" >
      <step title="Writing multipart request body to /tmp/zipdeploy/276bb33b-ab1c-403a-ba5f-61822abb14d7.zip" date="2025-10-31T11:29:45.678" /><!-- duration: 17ms -->
    </step><!-- duration: 40ms -->
    <step title="Removing previous build artifact&apos;s manifest file" date="2025-10-31T11:29:45.733" >
      <step title="Start deployment in the background" date="2025-10-31T11:29:45.753" >
        <step title="Acquiring Deployment Lock" date="2025-10-31T11:29:45.772" /><!-- duration: 16ms -->
        <step title="Acquired Deployment Lock" date="2025-10-31T11:29:45.826" /><!-- duration: 7ms -->
      </step><!-- duration: 186ms -->
    </step><!-- duration: 215ms -->
    <step title="Outgoing response" date="2025-10-31T11:29:45.954" type="response" statusCode="202" statusText="Accepted" /><!-- duration: 4ms -->
  </step><!-- duration: 345ms -->
