<step title="Incoming Request" date="2025-10-31T11:37:22.852" instance="9d9ad2" url="/api/deployments/latest?deployer=OneDeploy&amp;time=2025-10-31_11-33-23Z" method="GET" type="request" pid="771,1,3" Host="elija-agota.scm.azurewebsites.net" User-Agent="GITHUBACTIONS_DeployWebAppToAzure_447cc94276dbd68cf81be55ee451002528eb92b7c86599d217777599f45f742c" Authorization="Bea..." Content-Type="application/json; charset=utf-8" Cookie="ARRAffinity=9d9ad26f55314832f40453d107bc280606f9336225ee3827727ea25821b4efdd;Path=/;HttpOnly;Secure;Domain=elija-agota.scm.azurewebsites.net; ARRAffinitySameSite=9d9ad26f55314832f40453d107bc280606f9336225ee3827727ea25821b4efdd;Path=/;HttpOnly;SameSite=None;Secure;Domain=elija-agota.scm.azurewebsites.net" Content-Length="0" X-ARR-LOG-ID="c4618c67-7c24-4c25-bb24-b7654bddb980" CLIENT-IP="52.173.219.148:25632" X-SITE-DEPLOYMENT-ID="elija-agota" WAS-DEFAULT-HOSTNAME="elija-agota.scm.azurewebsites.net" X-Forwarded-Proto="https" X-AppService-Proto="https" X-Forwarded-TlsVersion="1.3" X-WAWS-Unencoded-URL="/api/deployments/latest?deployer=OneDeploy&amp;time=2025-10-31_11-33-23Z" X-Client-IP="52.173.219.148" X-Client-Port="25632" >
  <step title="Cleanup Xml Logs" date="2025-10-31T11:37:22.861" >
    <step title="Cleanup Infos" date="2025-10-31T11:37:22.902" totalFiles="245" totalCleanup="85" /><!-- duration: 27ms -->
  </step><!-- duration: 91ms -->
  <step title="DeploymentService.GetResult" date="2025-10-31T11:37:23.009" >
    <step title="DeploymentService.GetLatestDeployment" date="2025-10-31T11:37:23.037" >
      <step title="DeploymentManager.GetResults" date="2025-10-31T11:37:23.057" /><!-- duration: 1415ms -->
    </step><!-- duration: 1509ms -->
  </step><!-- duration: 1567ms -->
  <step title="Outgoing response" date="2025-10-31T11:37:24.586" type="response" statusCode="202" statusText="Accepted" /><!-- duration: 25ms -->
</step><!-- duration: 1779ms -->
