<step title="BackgroundTrace" date="2025-10-31T11:29:45.758" instance="9d9ad2" url="/api/publish" method="POST" >
  <step title="Creating temporary deployment - FetchDeploymentManager" date="2025-10-31T11:29:45.838" /><!-- duration: 6ms -->
  <step title="Creating temporary deployment" date="2025-10-31T11:29:45.862" /><!-- duration: 73ms -->
  <step title="Performing fetch based deployment" date="2025-10-31T11:29:45.977" >
    <step title="Cleaning up temp folders from previous zip deployments and extracting pushed zip file /tmp/zipdeploy/276bb33b-ab1c-403a-ba5f-61822abb14d7.zip (0.11 MB) to /tmp/zipdeploy/extracted" date="2025-10-31T11:29:47.240" >
      <step title="ChmodRecursive Process exited with total time taken in ms: 135" date="2025-10-31T11:29:47.477" /><!-- duration: 5ms -->
    </step><!-- duration: 248ms -->
    <step title="Deployment timer started" date="2025-10-31T11:29:49.520" >
      <step title="DeploymentManager.Deploy(id:fc8f9b43-74e4-4cbd-82d1-e3b966bc2241)" date="2025-10-31T11:29:49.541" >
        <step title="Collecting changeset information" date="2025-10-31T11:29:49.644" /><!-- duration: 187ms -->
        <step title="Updating submodules" date="2025-10-31T11:29:49.852" /><!-- duration: 1253ms -->
        <step title="Determining deployment builder" date="2025-10-31T11:29:51.387" >
          <step title="Builder is OryxBuilder" date="2025-10-31T11:29:51.408" /><!-- duration: 9ms -->
        </step><!-- duration: 35ms -->
        <step title="PreDeployment: context.CleanOutputPath False" date="2025-10-31T11:29:51.500" >
          <step title="PreDeployment: context.OutputPath /home/site/wwwroot" date="2025-10-31T11:29:51.654" >
            <step title="Building" date="2025-10-31T11:29:51.910" >
              <step title="Executing external process" date="2025-10-31T11:29:52.484" type="process" path="bash" arguments="-c &quot;oryx build /tmp/zipdeploy/extracted -o /home/site/wwwroot --platform python --platform-version 3.11 -p virtualenv_name=antenv --log-file /tmp/build-debug.log  -i /tmp/8de1870ce924051 --compress-destination-dir | tee /tmp/oryx-build.log ; exit $PIPESTATUS &quot;" >
                <step title="Cpu: gzip(1570,14.690s)+sh(1569,0.000s)+tar(1568,2.050s)+build.sh(1428,0.070s)+oryx(1409,4.240s)+tee(1410,0.010s)+bash(1408,0.010s)=total(21.030s)" date="2025-10-31T11:32:48.686" /><!-- duration: 36ms -->
                <step title="bash: no io activity for 60s, prev-cpu=-1.000s, current-cpu=21.030s" date="2025-10-31T11:32:48.764" /><!-- duration: 47ms -->
              </step><!-- duration: 184742ms -->
              <step title="Using PythonDeploymentLogParser" date="2025-10-31T11:32:57.689" /><!-- duration: 15ms -->
              <step title="Modified file to trigger a restart of the app container." date="2025-10-31T11:32:59.249" /><!-- duration: 7ms -->
              <step title="Skip function trigger and logicapp sync because function is not enabled." date="2025-10-31T11:32:59.265" /><!-- duration: 13ms -->
            </step><!-- duration: 188749ms -->
          </step><!-- duration: 189025ms -->
          <step title="Cleaning up temp files" date="2025-10-31T11:33:00.683" /><!-- duration: 3407ms -->
          <step title="Cleaning up temp files" date="2025-10-31T11:33:04.099" /><!-- duration: 519ms -->
          <step title="Reloading status file with latest updates" date="2025-10-31T11:33:04.653" >
            <step title="WebHooksManager.PublishEventAsync: PostDeployment" date="2025-10-31T11:33:04.659" /><!-- duration: 76ms -->
          </step><!-- duration: 86ms -->
          <step title="Cleaning up temporary deployment - fetch deployment was successful" date="2025-10-31T11:33:04.750" /><!-- duration: 5ms -->
        </step><!-- duration: 193329ms -->
      </step><!-- duration: 195312ms -->
