<step title="BackgroundTrace" date="2025-10-31T10:33:55.058" instance="9d9ad2" url="/api/publish" method="POST" >
  <step title="Creating temporary deployment - FetchDeploymentManager" date="2025-10-31T10:33:55.292" /><!-- duration: 4ms -->
  <step title="Creating temporary deployment" date="2025-10-31T10:33:55.307" /><!-- duration: 181ms -->
  <step title="Performing fetch based deployment" date="2025-10-31T10:33:55.705" >
    <step title="Cleaning up temp folders from previous zip deployments and extracting pushed zip file /tmp/zipdeploy/9601e3bd-af9f-4e94-bb11-8186c03c4633.zip (0.11 MB) to /tmp/zipdeploy/extracted" date="2025-10-31T10:33:57.250" >
      <step title="ChmodRecursive Process exited with total time taken in ms: 205" date="2025-10-31T10:33:57.615" /><!-- duration: 7ms -->
    </step><!-- duration: 380ms -->
    <step title="Deployment timer started" date="2025-10-31T10:33:59.729" >
      <step title="DeploymentManager.Deploy(id:69bf422c-c463-4b28-90ad-29232854d556)" date="2025-10-31T10:33:59.747" >
        <step title="Collecting changeset information" date="2025-10-31T10:33:59.805" /><!-- duration: 132ms -->
        <step title="Updating submodules" date="2025-10-31T10:33:59.951" /><!-- duration: 1261ms -->
        <step title="Determining deployment builder" date="2025-10-31T10:34:01.654" >
          <step title="Builder is OryxBuilder" date="2025-10-31T10:34:01.705" /><!-- duration: 10ms -->
        </step><!-- duration: 108ms -->
        <step title="PreDeployment: context.CleanOutputPath False" date="2025-10-31T10:34:01.936" >
          <step title="PreDeployment: context.OutputPath /home/site/wwwroot" date="2025-10-31T10:34:02.249" >
            <step title="Building" date="2025-10-31T10:34:02.512" >
              <step title="Executing external process" date="2025-10-31T10:34:03.589" type="process" path="bash" arguments="-c &quot;oryx build /tmp/zipdeploy/extracted -o /home/site/wwwroot --platform python --platform-version 3.11 -p virtualenv_name=antenv --log-file /tmp/build-debug.log  -i /tmp/8de1869020cfb84 --compress-destination-dir | tee /tmp/oryx-build.log ; exit $PIPESTATUS &quot;" /><!-- duration: 209515ms -->
              <step title="Using PythonDeploymentLogParser" date="2025-10-31T10:37:34.813" /><!-- duration: 21ms -->
              <step title="Modified file to trigger a restart of the app container." date="2025-10-31T10:37:37.790" /><!-- duration: 21ms -->
              <step title="Skip function trigger and logicapp sync because function is not enabled." date="2025-10-31T10:37:37.902" /><!-- duration: 5ms -->
            </step><!-- duration: 216671ms -->
          </step><!-- duration: 216942ms -->
          <step title="Cleaning up temp files" date="2025-10-31T10:37:39.195" /><!-- duration: 3464ms -->
          <step title="Cleaning up temp files" date="2025-10-31T10:37:42.668" /><!-- duration: 514ms -->
          <step title="Reloading status file with latest updates" date="2025-10-31T10:37:43.259" >
            <step title="WebHooksManager.PublishEventAsync: PostDeployment" date="2025-10-31T10:37:43.298" /><!-- duration: 574ms -->
          </step><!-- duration: 632ms -->
          <step title="Cleaning up temporary deployment - fetch deployment was successful" date="2025-10-31T10:37:43.912" /><!-- duration: 5ms -->
        </step><!-- duration: 222037ms -->
      </step><!-- duration: 224252ms -->
