<step title="Incoming Request" date="2025-10-31T18:14:18.050" instance="62968f" url="/api/deployments/latest?deployer=OneDeploy&amp;time=2025-10-31_18-13-48Z" method="GET" type="request" pid="768,1,22" Host="elija-agota.scm.azurewebsites.net" User-Agent="GITHUBACTIONS_DeployWebAppToAzure_447cc94276dbd68cf81be55ee451002528eb92b7c86599d217777599f45f742c" Authorization="Bea..." Content-Type="application/json; charset=utf-8" Cookie="ARRAffinity=62968f75e98f1b39ee221d77d807e7671d2663c0777033f34feb2e095767bb15;Path=/;HttpOnly;Secure;Domain=elija-agota.scm.azurewebsites.net; ARRAffinitySameSite=62968f75e98f1b39ee221d77d807e7671d2663c0777033f34feb2e095767bb15;Path=/;HttpOnly;SameSite=None;Secure;Domain=elija-agota.scm.azurewebsites.net" Content-Length="0" X-ARR-LOG-ID="e3dbcc8f-16eb-49f8-a1fa-af6a4896467e" CLIENT-IP="172.208.152.214:34880" X-SITE-DEPLOYMENT-ID="elija-agota" WAS-DEFAULT-HOSTNAME="elija-agota.scm.azurewebsites.net" X-Forwarded-Proto="https" X-AppService-Proto="https" X-Forwarded-TlsVersion="1.3" X-WAWS-Unencoded-URL="/api/deployments/latest?deployer=OneDeploy&amp;time=2025-10-31_18-13-48Z" X-Client-IP="172.208.152.214" X-Client-Port="34880" >
  <step title="Cleanup Xml Logs" date="2025-10-31T18:14:18.060" >
    <step title="Cleanup Infos" date="2025-10-31T18:14:18.111" totalFiles="269" totalCleanup="109" /><!-- duration: 18ms -->
  </step><!-- duration: 86ms -->
  <step title="DeploymentService.GetResult" date="2025-10-31T18:14:18.169" >
    <step title="DeploymentService.GetLatestDeployment" date="2025-10-31T18:14:18.178" >
      <step title="DeploymentManager.GetResults" date="2025-10-31T18:14:18.196" /><!-- duration: 1215ms -->
    </step><!-- duration: 1252ms -->
  </step><!-- duration: 1288ms -->
  <step title="Outgoing response" date="2025-10-31T18:14:19.466" type="response" statusCode="202" statusText="Accepted" /><!-- duration: 42ms -->
</step><!-- duration: 1493ms -->
