<step title="Incoming Request" date="2025-10-31T11:18:36.720" instance="9d9ad2" url="/api/publish?async=true&amp;deployer=GITHUB_ONE_DEPLOY&amp;type=zip&amp;message=%7B%22type%22%3A%22deployment%22%2C%22sha%22%3A%22130da186b4bb6473c931748bdbc873403c46a6b8%22%2C%22repoName%22%3A%22KayVee77%2Fkid-chore-points%22%2C%22actor%22%3A%22KayVee77%22%2C%22slotName%22%3A%22Production%22%2C%22commitMessage%22%3A%22Fix%20Azure%20region%20and%20add%20infrastructure%20details%5Cn%5Cn-%20Correct%20region%3A%20North%20Central%20US%20(not%20East%20US)%5Cn-%20Add%20Python%203.11%20runtime%20info%5Cn-%20Add%20PostgreSQL%20v15%20server%20name%20(chorepoints-db)%5Cn-%20Add%20storage%20account%20name%20(chorepointsstorage)%20and%20SKU%5Cn-%20All%20info%20verified%20from%20Azure%20CLI%22%7D" method="POST" type="request" pid="771,1,21" Host="elija-agota.scm.azurewebsites.net" User-Agent="GITHUBACTIONS_DeployWebAppToAzure_447cc94276dbd68cf81be55ee451002528eb92b7c86599d217777599f45f742c" Authorization="Bea..." Content-Type="application/octet-stream" Cookie="ARRAffinity=9d9ad26f55314832f40453d107bc280606f9336225ee3827727ea25821b4efdd;Path=/;HttpOnly;Secure;Domain=elija-agota.scm.azurewebsites.net; ARRAffinitySameSite=9d9ad26f55314832f40453d107bc280606f9336225ee3827727ea25821b4efdd;Path=/;HttpOnly;SameSite=None;Secure;Domain=elija-agota.scm.azurewebsites.net" Transfer-Encoding="chunked" X-ARR-LOG-ID="ce0144d4-f219-4d89-9f56-5bd038e50159" CLIENT-IP="52.159.243.196:59432" X-SITE-DEPLOYMENT-ID="elija-agota" WAS-DEFAULT-HOSTNAME="elija-agota.scm.azurewebsites.net" X-Forwarded-Proto="https" X-AppService-Proto="https" X-Forwarded-TlsVersion="1.3" X-WAWS-Unencoded-URL="/api/publish?async=true&amp;deployer=GITHUB_ONE_DEPLOY&amp;type=zip&amp;message=%7B%22type%22%3A%22deployment%22%2C%22sha%22%3A%22130da186b4bb6473c931748bdbc873403c46a6b8%22%2C%22repoName%22%3A%22KayVee77%2Fkid-chore-points%22%2C%22actor%22%3A%22KayVee77%22%2C%22slotName%22%3A%22Production%22%2C%22commitMessage%22%3A%22Fix%20Azure%20region%20and%20add%20infrastructure%20details%5Cn%5Cn-%20Correct%20region%3A%20North%20Central%20US%20(not%20East%20US)%5Cn-%20Add%20Python%203.11%20runtime%20info%5Cn-%20Add%20PostgreSQL%20v15%20server%20name%20(chorepoints-db)%5Cn-%20Add%20storage%20account%20name%20(chorepointsstorage)%20and%20SKU%5Cn-%20All%20info%20verified%20from%20Azure%20CLI%22%7D" X-Client-IP="52.159.243.196" X-Client-Port="59432" >
  <step title="OneDeploy" date="2025-10-31T11:18:36.916" >
    <step title="None repository commit" date="2025-10-31T11:18:36.939" >
      <step title="Commit id: 731087da-d4e8-4aad-925f-fc803d60e1e5" date="2025-10-31T11:18:36.947" Message="N/A" AuthorName="N/A" AuthorEmail="N/A" /><!-- duration: 5ms -->
    </step><!-- duration: 17ms -->
    <step title="Starting PushDeployAsync" date="2025-10-31T11:18:36.961" /><!-- duration: 6ms -->
    <step title="Writing artifact to /tmp/zipdeploy/1fe354c9-5b50-43e6-b4fd-a49590d7f793.zip" date="2025-10-31T11:18:37.022" >
      <step title="Writing multipart request body to /tmp/zipdeploy/1fe354c9-5b50-43e6-b4fd-a49590d7f793.zip" date="2025-10-31T11:18:37.039" /><!-- duration: 11ms -->
    </step><!-- duration: 362ms -->
    <step title="Removing previous build artifact&apos;s manifest file" date="2025-10-31T11:18:37.404" >
      <step title="Start deployment in the background" date="2025-10-31T11:18:37.482" >
        <step title="Acquiring Deployment Lock" date="2025-10-31T11:18:37.592" /><!-- duration: 11ms -->
        <step title="Acquired Deployment Lock" date="2025-10-31T11:18:37.716" /><!-- duration: 27ms -->
      </step><!-- duration: 533ms -->
    </step><!-- duration: 623ms -->
    <step title="Outgoing response" date="2025-10-31T11:18:38.041" type="response" statusCode="202" statusText="Accepted" /><!-- duration: 5ms -->
  </step><!-- duration: 1134ms -->
