<step title="BackgroundTrace" date="2025-10-31T11:25:49.930" instance="9d9ad2" url="/api/publish" method="POST" >
  <step title="Creating temporary deployment - FetchDeploymentManager" date="2025-10-31T11:25:50.165" /><!-- duration: 4ms -->
  <step title="Creating temporary deployment" date="2025-10-31T11:25:50.180" /><!-- duration: 125ms -->
  <step title="Performing fetch based deployment" date="2025-10-31T11:25:50.364" >
    <step title="Cleaning up temp folders from previous zip deployments and extracting pushed zip file /tmp/zipdeploy/ae1a8743-b232-4b1a-952a-94c3e97be930.zip (0.11 MB) to /tmp/zipdeploy/extracted" date="2025-10-31T11:25:51.840" >
      <step title="ChmodRecursive Process exited with total time taken in ms: 163" date="2025-10-31T11:25:52.478" /><!-- duration: 8ms -->
    </step><!-- duration: 661ms -->
    <step title="Deployment timer started" date="2025-10-31T11:25:54.537" >
      <step title="DeploymentManager.Deploy(id:d1aa870b-9058-4164-8808-8ee4906ac1cd)" date="2025-10-31T11:25:54.571" >
        <step title="Collecting changeset information" date="2025-10-31T11:25:54.635" /><!-- duration: 185ms -->
        <step title="Updating submodules" date="2025-10-31T11:25:54.834" /><!-- duration: 1211ms -->
        <step title="Determining deployment builder" date="2025-10-31T11:25:56.489" >
          <step title="Builder is OryxBuilder" date="2025-10-31T11:25:56.530" /><!-- duration: 41ms -->
        </step><!-- duration: 90ms -->
        <step title="PreDeployment: context.CleanOutputPath False" date="2025-10-31T11:25:56.626" >
          <step title="PreDeployment: context.OutputPath /home/site/wwwroot" date="2025-10-31T11:25:56.796" >
            <step title="Building" date="2025-10-31T11:25:57.017" >
              <step title="Executing external process" date="2025-10-31T11:25:57.500" type="process" path="bash" arguments="-c &quot;oryx build /tmp/zipdeploy/extracted -o /home/site/wwwroot --platform python --platform-version 3.11 -p virtualenv_name=antenv --log-file /tmp/build-debug.log  -i /tmp/8de1870429818df --compress-destination-dir | tee /tmp/oryx-build.log ; exit $PIPESTATUS &quot;" /><!-- duration: 137990ms -->
              <step title="Using PythonDeploymentLogParser" date="2025-10-31T11:28:16.065" /><!-- duration: 9ms -->
              <step title="Modified file to trigger a restart of the app container." date="2025-10-31T11:28:17.953" /><!-- duration: 5ms -->
              <step title="Skip function trigger and logicapp sync because function is not enabled." date="2025-10-31T11:28:18.019" /><!-- duration: 36ms -->
            </step><!-- duration: 142893ms -->
          </step><!-- duration: 143120ms -->
          <step title="Cleaning up temp files" date="2025-10-31T11:28:19.921" /><!-- duration: 2176ms -->
          <step title="Cleaning up temp files" date="2025-10-31T11:28:22.109" /><!-- duration: 526ms -->
          <step title="Reloading status file with latest updates" date="2025-10-31T11:28:22.670" >
            <step title="WebHooksManager.PublishEventAsync: PostDeployment" date="2025-10-31T11:28:22.675" /><!-- duration: 86ms -->
          </step><!-- duration: 96ms -->
          <step title="Cleaning up temporary deployment - fetch deployment was successful" date="2025-10-31T11:28:22.782" /><!-- duration: 4ms -->
        </step><!-- duration: 146232ms -->
      </step><!-- duration: 148309ms -->
