<step title="BackgroundTrace" date="2025-10-31T11:18:37.509" instance="9d9ad2" url="/api/publish" method="POST" >
  <step title="Creating temporary deployment - FetchDeploymentManager" date="2025-10-31T11:18:37.755" /><!-- duration: 20ms -->
  <step title="Creating temporary deployment" date="2025-10-31T11:18:37.812" /><!-- duration: 196ms -->
  <step title="Performing fetch based deployment" date="2025-10-31T11:18:38.064" >
    <step title="Cleaning up temp folders from previous zip deployments and extracting pushed zip file /tmp/zipdeploy/1fe354c9-5b50-43e6-b4fd-a49590d7f793.zip (0.12 MB) to /tmp/zipdeploy/extracted" date="2025-10-31T11:18:39.351" >
      <step title="ChmodRecursive Process exited with total time taken in ms: 95" date="2025-10-31T11:18:39.583" /><!-- duration: 5ms -->
    </step><!-- duration: 243ms -->
    <step title="Deployment timer started" date="2025-10-31T11:18:41.621" >
      <step title="DeploymentManager.Deploy(id:731087da-d4e8-4aad-925f-fc803d60e1e5)" date="2025-10-31T11:18:41.633" >
        <step title="Collecting changeset information" date="2025-10-31T11:18:41.649" /><!-- duration: 279ms -->
        <step title="Updating submodules" date="2025-10-31T11:18:41.948" /><!-- duration: 1211ms -->
        <step title="Determining deployment builder" date="2025-10-31T11:18:43.477" >
          <step title="Builder is OryxBuilder" date="2025-10-31T11:18:43.500" /><!-- duration: 10ms -->
        </step><!-- duration: 69ms -->
        <step title="PreDeployment: context.CleanOutputPath False" date="2025-10-31T11:18:43.670" >
          <step title="PreDeployment: context.OutputPath /home/site/wwwroot" date="2025-10-31T11:18:43.901" >
            <step title="Building" date="2025-10-31T11:18:44.248" >
              <step title="Executing external process" date="2025-10-31T11:18:45.017" type="process" path="bash" arguments="-c &quot;oryx build /tmp/zipdeploy/extracted -o /home/site/wwwroot --platform python --platform-version 3.11 -p virtualenv_name=antenv --log-file /tmp/build-debug.log  -i /tmp/8de186f407d30eb --compress-destination-dir | tee /tmp/oryx-build.log ; exit $PIPESTATUS &quot;" /><!-- duration: 148700ms -->
              <step title="Using PythonDeploymentLogParser" date="2025-10-31T11:21:14.279" /><!-- duration: 9ms -->
              <step title="Modified file to trigger a restart of the app container." date="2025-10-31T11:21:16.124" /><!-- duration: 7ms -->
              <step title="Skip function trigger and logicapp sync because function is not enabled." date="2025-10-31T11:21:16.151" /><!-- duration: 7ms -->
            </step><!-- duration: 153041ms -->
          </step><!-- duration: 153397ms -->
          <step title="Cleaning up temp files" date="2025-10-31T11:21:17.303" /><!-- duration: 3067ms -->
          <step title="Cleaning up temp files" date="2025-10-31T11:21:20.386" /><!-- duration: 543ms -->
          <step title="Reloading status file with latest updates" date="2025-10-31T11:21:20.974" >
            <step title="WebHooksManager.PublishEventAsync: PostDeployment" date="2025-10-31T11:21:20.993" /><!-- duration: 199ms -->
          </step><!-- duration: 222ms -->
          <step title="Cleaning up temporary deployment - fetch deployment was successful" date="2025-10-31T11:21:21.225" /><!-- duration: 5ms -->
        </step><!-- duration: 157620ms -->
      </step><!-- duration: 159703ms -->
