<step title="Incoming Request" date="2025-10-31T18:28:51.146" instance="62968f" url="/api/publish?type=static&amp;path=core/migrations/0012_add_kid_gender.py" method="POST" type="request" pid="770,1,5" Accept="*/*" Host="elija-agota.scm.azurewebsites.net" User-Agent="AZURECLI/2.78.0 (MSI)" Accept-Encoding="gzip, deflate" Authorization="Bea..." Cache-Control="no-cache" Content-Type="application/octet-stream" Cookie="ARRAffinity=62968f75e98f1b39ee221d77d807e7671d2663c0777033f34feb2e095767bb15; ARRAffinitySameSite=62968f75e98f1b39ee221d77d807e7671d2663c0777033f34feb2e095767bb15" Content-Length="2457" x-ms-client-request-id="69ff8388-b687-11f0-a4c0-782b46c5554f" x-ms-artifact-checksum="f29c8a53ba1686c6200e811e206826cbe2733660a3a0a096aa810d6d1fca20e5" X-ARR-LOG-ID="69ff8388-b687-11f0-a4c0-782b46c5554f" CLIENT-IP="5.20.231.144:58680" X-SITE-DEPLOYMENT-ID="elija-agota" WAS-DEFAULT-HOSTNAME="elija-agota.scm.azurewebsites.net" X-Forwarded-Proto="https" X-AppService-Proto="https" X-Forwarded-TlsVersion="1.3" X-WAWS-Unencoded-URL="/api/publish?type=static&amp;path=core/migrations/0012_add_kid_gender.py" X-Client-IP="5.20.231.144" X-Client-Port="58680" >
  <step title="Cleanup Xml Logs" date="2025-10-31T18:28:51.151" >
    <step title="Cleanup Infos" date="2025-10-31T18:28:51.165" totalFiles="291" totalCleanup="131" /><!-- duration: 10ms -->
  </step><!-- duration: 28ms -->
  <step title="OneDeploy" date="2025-10-31T18:28:51.339" >
    <step title="None repository commit" date="2025-10-31T18:28:51.358" >
      <step title="Commit id: 908974e7-3efd-4369-b7c4-45119d77bef3" date="2025-10-31T18:28:51.363" Message="N/A" AuthorName="N/A" AuthorEmail="N/A" /><!-- duration: 4ms -->
    </step><!-- duration: 13ms -->
    <step title="Starting PushDeployAsync" date="2025-10-31T18:28:51.376" /><!-- duration: 4ms -->
    <step title="Writing artifact to /tmp/zipdeploy/0012_add_kid_gender.py" date="2025-10-31T18:28:51.402" >
      <step title="Writing multipart request body to /tmp/zipdeploy/0012_add_kid_gender.py" date="2025-10-31T18:28:51.411" /><!-- duration: 8ms -->
    </step><!-- duration: 34ms -->
    <step title="Removing previous build artifact&apos;s manifest file" date="2025-10-31T18:28:51.479" >
      <step title="Attempting to fetch target branch HEAD" date="2025-10-31T18:28:51.500" /><!-- duration: 4ms -->
      <step title="Acquiring Deployment Lock" date="2025-10-31T18:28:51.511" /><!-- duration: 7ms -->
      <step title="Acquired Deployment Lock" date="2025-10-31T18:28:51.571" /><!-- duration: 4ms -->
      <step title="Performing fetch based deployment" date="2025-10-31T18:28:51.586" >
        <step title="Creating temporary deployment" date="2025-10-31T18:28:51.595" /><!-- duration: 55ms -->
        <step title="Releasing Deployment Lock" date="2025-10-31T18:28:52.844" /><!-- duration: 8ms -->
>
        <step title="Moving /tmp/zipdeploy/extracted to /tmp/zipdeploy/extracted/core/migrations/0012_add_kid_gender.py" date="2025-10-31T18:28:52.865" /><!-- duration: 27ms -->
        <step title="None repository commit" date="2025-10-31T18:28:52.921" >
          <step title="Commit id: 908974e7-3efd-4369-b7c4-45119d77bef3" date="2025-10-31T18:28:52.933" Message="OneDeploy" AuthorName="N/A" AuthorEmail="N/A" /><!-- duration: 10ms -->
        </step><!-- duration: 31ms -->
        <step title="Deployment timer started" date="2025-10-31T18:28:54.976" >
          <step title="DeploymentManager.Deploy(id:908974e7-3efd-4369-b7c4-45119d77bef3)" date="2025-10-31T18:28:54.983" >
            <step title="Collecting changeset information" date="2025-10-31T18:28:55.008" /><!-- duration: 108ms -->
            <step title="Updating submodules" date="2025-10-31T18:28:55.124" /><!-- duration: 1203ms -->
            <step title="Determining deployment builder" date="2025-10-31T18:28:56.717" >
              <step title="Builder is OneDeployBuilder" date="2025-10-31T18:28:56.726" /><!-- duration: 6ms -->
            </step><!-- duration: 20ms -->
            <step title="PreDeployment: context.CleanOutputPath False" date="2025-10-31T18:28:56.888" >
              <step title="PreDeployment: context.OutputPath /home/site/wwwroot" date="2025-10-31T18:28:57.062" >
                <step title="Building" date="2025-10-31T18:28:57.297" >
                  <step title="Executing external process" date="2025-10-31T18:28:58.254" type="process" path="starter.sh" arguments="/opt/Kudu/Scripts/parallel_rsync.sh /tmp/zipdeploy/extracted /home/site/wwwroot 8 /tmp/ False False  " /><!-- duration: 2153ms -->
                  <step title="Modified file to trigger a restart of the app container." date="2025-10-31T18:29:01.026" /><!-- duration: 5ms -->
                  <step title="Skip function trigger and logicapp sync because function is not enabled." date="2025-10-31T18:29:01.037" /><!-- duration: 7ms -->
                </step><!-- duration: 5434ms -->
              </step><!-- duration: 5676ms -->
              <step title="Cleaning up temp files" date="2025-10-31T18:29:02.743" /><!-- duration: 7ms -->
              <step title="Cleaning up temp files" date="2025-10-31T18:29:02.762" /><!-- duration: 513ms -->
              <step title="Reloading status file with latest updates" date="2025-10-31T18:29:03.340" >
                <step title="WebHooksManager.PublishEventAsync: PostDeployment" date="2025-10-31T18:29:03.345" /><!-- duration: 81ms -->
              </step><!-- duration: 90ms -->
              <step title="Cleaning up temporary deployment - fetch deployment was successful" date="2025-10-31T18:29:03.437" /><!-- duration: 5ms -->
            </step><!-- duration: 6744ms -->
          </step><!-- duration: 8656ms -->
          <step title="Outgoing response" date="2025-10-31T18:29:03.652" type="response" statusCode="200" statusText="OK" /><!-- duration: 5ms -->
        </step><!-- duration: 8685ms -->
