<step title="Incoming Request" date="2025-10-31T18:45:03.593" instance="62968f" url="/api/publish?type=static&amp;path=chorepoints/storage_backends.py" method="POST" type="request" pid="770,1,25" Accept="*/*" Host="elija-agota.scm.azurewebsites.net" User-Agent="AZURECLI/2.78.0 (MSI)" Accept-Encoding="gzip, deflate" Authorization="Bea..." Cache-Control="no-cache" Content-Type="application/octet-stream" Cookie="ARRAffinity=62968f75e98f1b39ee221d77d807e7671d2663c0777033f34feb2e095767bb15; ARRAffinitySameSite=62968f75e98f1b39ee221d77d807e7671d2663c0777033f34feb2e095767bb15" Content-Length="732" x-ms-client-request-id="ad6b9f0f-b689-11f0-ba9e-782b46c5554f" x-ms-artifact-checksum="4a5b58c28ca56a2982dfa39fd310365900b77dd6e4ce1c6ada20293889e6d936" X-ARR-LOG-ID="ad6b9f0f-b689-11f0-ba9e-782b46c5554f" CLIENT-IP="5.20.231.144:49892" X-SITE-DEPLOYMENT-ID="elija-agota" WAS-DEFAULT-HOSTNAME="elija-agota.scm.azurewebsites.net" X-Forwarded-Proto="https" X-AppService-Proto="https" X-Forwarded-TlsVersion="1.3" X-WAWS-Unencoded-URL="/api/publish?type=static&amp;path=chorepoints/storage_backends.py" X-Client-IP="5.20.231.144" X-Client-Port="49892" >
  <step title="Cleanup Xml Logs" date="2025-10-31T18:45:03.598" >
    <step title="Cleanup Infos" date="2025-10-31T18:45:03.632" totalFiles="295" totalCleanup="135" /><!-- duration: 10ms -->
  </step><!-- duration: 50ms -->
  <step title="OneDeploy" date="2025-10-31T18:45:03.705" >
    <step title="Starting PushDeployAsync" date="2025-10-31T18:45:03.725" /><!-- duration: 4ms -->
    <step title="Writing artifact to /tmp/zipdeploy/storage_backends.py" date="2025-10-31T18:45:03.753" >
      <step title="Writing multipart request body to /tmp/zipdeploy/storage_backends.py" date="2025-10-31T18:45:03.770" /><!-- duration: 15ms -->
    </step><!-- duration: 67ms -->
    <step title="Attempting to fetch target branch HEAD" date="2025-10-31T18:45:03.851" /><!-- duration: 5ms -->
    <step title="Acquiring Deployment Lock" date="2025-10-31T18:45:03.879" /><!-- duration: 5ms -->
    <step title="Acquired Deployment Lock" date="2025-10-31T18:45:03.962" /><!-- duration: 4ms -->
    <step title="Performing fetch based deployment" date="2025-10-31T18:45:03.978" >
      <step title="Creating temporary deployment" date="2025-10-31T18:45:03.992" /><!-- duration: 126ms -->
      <step title="Releasing Deployment Lock" date="2025-10-31T18:45:05.380" /><!-- duration: 5ms -->
      <step title="Renaming (/tmp/zipdeploy/extracted) to (/tmp/zipdeploy/lysiuezr.4bv)" date="2025-10-31T18:45:05.427" /><!-- duration: 13ms -->
      <step title="Moving /tmp/zipdeploy/lysiuezr.4bv/ to /tmp/zipdeploy/extracted/chorepoints/storage_backends.py" date="2025-10-31T18:45:05.446" /><!-- duration: 6ms -->
      <step title="None repository commit" date="2025-10-31T18:45:05.486" >
        <step title="Commit id: 8c313630-0e72-4f5d-9a04-034249d864d0" date="2025-10-31T18:45:05.495" Message="OneDeploy" AuthorName="N/A" AuthorEmail="N/A" /><!-- duration: 5ms -->
      </step><!-- duration: 18ms -->
      <step title="Deployment timer started" date="2025-10-31T18:45:07.559" >
        <step title="DeploymentManager.Deploy(id:8c313630-0e72-4f5d-9a04-034249d864d0)" date="2025-10-31T18:45:07.568" >
          <step title="Collecting changeset information" date="2025-10-31T18:45:07.598" /><!-- duration: 144ms -->
          <step title="Updating submodules" date="2025-10-31T18:45:07.750" /><!-- duration: 1201ms -->
          <step title="Determining deployment builder" date="2025-10-31T18:45:09.376" >
            <step title="Builder is OneDeployBuilder" date="2025-10-31T18:45:09.416" /><!-- duration: 29ms -->
          </step><!-- duration: 80ms -->
          <step title="PreDeployment: context.CleanOutputPath False" date="2025-10-31T18:45:09.555" >
            <step title="PreDeployment: context.OutputPath /home/site/wwwroot" date="2025-10-31T18:45:09.730" >
              <step title="Building" date="2025-10-31T18:45:09.902" >
                <step title="Executing external process" date="2025-10-31T18:45:10.903" type="process" path="starter.sh" arguments="/opt/Kudu/Scripts/parallel_rsync.sh /tmp/zipdeploy/extracted /home/site/wwwroot 8 /tmp/ False False  " /><!-- duration: 1180ms -->
                <step title="Modified file to trigger a restart of the app container." date="2025-10-31T18:45:12.694" /><!-- duration: 4ms -->
                <step title="Skip function trigger and logicapp sync because function is not enabled." date="2025-10-31T18:45:12.710" /><!-- duration: 10ms -->
                <step title="Purge deployment items" date="2025-10-31T18:45:14.291" >
                  <step title="Remove 24215fbf-, Success, received at 10/30/2025 22:30:12" date="2025-10-31T18:45:14.435" /><!-- duration: 4ms -->
                </step><!-- duration: 153ms -->
              </step><!-- duration: 4643ms -->
            </step><!-- duration: 4822ms -->
            <step title="Cleaning up temp files" date="2025-10-31T18:45:14.557" /><!-- duration: 10ms -->
            <step title="Cleaning up temp files" date="2025-10-31T18:45:14.576" /><!-- duration: 511ms -->
            <step title="Reloading status file with latest updates" date="2025-10-31T18:45:15.152" >
              <step title="WebHooksManager.PublishEventAsync: PostDeployment" date="2025-10-31T18:45:15.203" /><!-- duration: 228ms -->
            </step><!-- duration: 289ms -->
            <step title="Cleaning up temporary deployment - fetch deployment was successful" date="2025-10-31T18:45:15.464" /><!-- duration: 38ms -->
          </step><!-- duration: 6043ms -->
        </step><!-- duration: 8043ms -->
        <step title="Outgoing response" date="2025-10-31T18:45:15.626" type="response" statusCode="200" statusText="OK" /><!-- duration: 4ms -->
      </step><!-- duration: 8080ms -->
