<step title="Incoming Request" date="2025-10-31T11:37:43.961" instance="9d9ad2" url="/api/deployments/latest?deployer=OneDeploy&amp;time=2025-10-31_11-33-23Z" method="GET" type="request" pid="771,1,37" Host="elija-agota.scm.azurewebsites.net" User-Agent="GITHUBACTIONS_DeployWebAppToAzure_447cc94276dbd68cf81be55ee451002528eb92b7c86599d217777599f45f742c" Authorization="Bea..." Content-Type="application/json; charset=utf-8" Cookie="ARRAffinity=9d9ad26f55314832f40453d107bc280606f9336225ee3827727ea25821b4efdd;Path=/;HttpOnly;Secure;Domain=elija-agota.scm.azurewebsites.net; ARRAffinitySameSite=9d9ad26f55314832f40453d107bc280606f9336225ee3827727ea25821b4efdd;Path=/;HttpOnly;SameSite=None;Secure;Domain=elija-agota.scm.azurewebsites.net" Content-Length="0" X-ARR-LOG-ID="f8e31349-3ed4-4f6a-a873-e9e4f32c927d" CLIENT-IP="52.173.219.148:25634" X-SITE-DEPLOYMENT-ID="elija-agota" WAS-DEFAULT-HOSTNAME="elija-agota.scm.azurewebsites.net" X-Forwarded-Proto="https" X-AppService-Proto="https" X-Forwarded-TlsVersion="1.3" X-WAWS-Unencoded-URL="/api/deployments/latest?deployer=OneDeploy&amp;time=2025-10-31_11-33-23Z" X-Client-IP="52.173.219.148" X-Client-Port="25634" >
  <step title="Cleanup Xml Logs" date="2025-10-31T11:37:43.981" >
    <step title="Cleanup Infos" date="2025-10-31T11:37:44.030" totalFiles="248" totalCleanup="88" /><!-- duration: 19ms -->
  </step><!-- duration: 96ms -->
  <step title="DeploymentService.GetResult" date="2025-10-31T11:37:44.115" >
    <step title="DeploymentService.GetLatestDeployment" date="2025-10-31T11:37:44.119" >
      <step title="DeploymentManager.GetResults" date="2025-10-31T11:37:44.126" /><!-- duration: 1305ms -->
    </step><!-- duration: 1377ms -->
  </step><!-- duration: 1524ms -->
  <step title="Outgoing response" date="2025-10-31T11:37:45.699" type="response" statusCode="202" statusText="Accepted" /><!-- duration: 5ms -->
</step><!-- duration: 1749ms -->
