﻿<?xml version="1.0" encoding="utf-8"?>
<deployment>
  <id>07822819-4ebf-46dd-95f5-63e2d7fa9429</id>
  <author>N/A</author>
  <deployer>Push-Deployer</deployer>
  <authorEmail>N/A</authorEmail>
  <message>Created via a push deployment</message>
  <progress></progress>
  <status>Success</status>
  <statusText></statusText>
  <lastSuccessEndTime>2025-10-31T19:08:44.0309049Z</lastSuccessEndTime>
  <receivedTime>2025-10-31T19:05:02.4260589Z</receivedTime>
  <startTime>2025-10-31T19:05:04.1156444Z</startTime>
  <endTime>2025-10-31T19:08:44.0309049Z</endTime>
  <complete>True</complete>
  <is_temp>False</is_temp>
  <is_readonly>True</is_readonly>
  <buildSummary>
    <warning>
      <message>Traceback (most recent call last):
  File "/tmp/8de18b0664acdc4/antenv/lib/python3.11/site-packages/django/core/management/__init__.py", line 255, in fetch_command
    app_name = commands[subcommand]
               ~~~~~~~~^^^^^^^^^^^^
KeyError: 'collectstatic'

During handling of the above exception, another exception occurred:

Traceback (most recent call last):
  File "/tmp/8de18b0664acdc4/manage.py", line 16, in &lt;module&gt;
    main()
  File "/tmp/8de18b0664acdc4/manage.py", line 13, in main
    execute_from_command_line(sys.argv)
  File "/tmp/8de18b0664acdc4/antenv/lib/python3.11/site-packages/django/core/management/__init__.py", line 442, in execute_from_command_line
    utility.execute()
  File "/tmp/8de18b0664acdc4/antenv/lib/python3.11/site-packages/django/core/management/__init__.py", line 436, in execute
    self.fetch_command(subcommand).run_from_argv(self.argv)
    ^^^^^^^^^^^^^^^^^^^^^^^^^^^^^^
  File "/tmp/8de18b0664acdc4/antenv/lib/python3.11/site-packages/django/core/management/__init__.py", line 262, in fetch_command
    settings.INSTALLED_APPS
  File "/tmp/8de18b0664acdc4/antenv/lib/python3.11/site-packages/django/conf/__init__.py", line 81, in __getattr__
    self._setup(name)
  File "/tmp/8de18b0664acdc4/antenv/lib/python3.11/site-packages/django/conf/__init__.py", line 68, in _setup
    self._wrapped = Settings(settings_module)
                    ^^^^^^^^^^^^^^^^^^^^^^^^^
  File "/tmp/8de18b0664acdc4/antenv/lib/python3.11/site-packages/django/conf/__init__.py", line 166, in __init__
    mod = importlib.import_module(self.SETTINGS_MODULE)
          ^^^^^^^^^^^^^^^^^^^^^^^^^^^^^^^^^^^^^^^^^^^^^
  File "/tmp/oryx/platforms/python/3.11.14/lib/python3.11/importlib/__init__.py", line 126, in import_module
    return _bootstrap._gcd_import(name[level:], package, level)
           ^^^^^^^^^^^^^^^^^^^^^^^^^^^^^^^^^^^^^^^^^^^^^^^^^^^^
  File "&lt;frozen importlib._bootstrap&gt;", line 1204, in _gcd_import
  File "&lt;frozen importlib._bootstrap&gt;", line 1176, in _find_and_load
  File "&lt;frozen importlib._bootstrap&gt;", line 1126, in _find_and_load_unlocked
  File "&lt;frozen importlib._bootstrap&gt;", line 241, in _call_with_frames_removed
  File "&lt;frozen importlib._bootstrap&gt;", line 1204, in _gcd_import
  File "&lt;frozen importlib._bootstrap&gt;", line 1176, in _find_and_load
  File "&lt;frozen importlib._bootstrap&gt;", line 1140, in _find_and_load_unlocked
ModuleNotFoundError: No module named 'chorepoints' </message>
      <timestamp>2025-10-31 19:06:53</timestamp>
      <exitCode>1</exitCode>
      <recommendation>Please review message</recommendation>
      <urlToGetMoreInformation>https://aka.ms/troubleshoot-python</urlToGetMoreInformation>
    </warning>
  </buildSummary>
</deployment>