﻿<?xml version="1.0" encoding="utf-8"?>
<deployment>
  <id>8c313630-0e72-4f5d-9a04-034249d864d0</id>
  <author>N/A</author>
  <deployer>OneDeploy</deployer>
  <authorEmail>N/A</authorEmail>
  <message>OneDeploy</message>
  <progress></progress>
  <status>Success</status>
  <statusText></statusText>
  <lastSuccessEndTime>2025-10-31T18:45:13.1723396Z</lastSuccessEndTime>
  <receivedTime>2025-10-31T18:45:07.6552466Z</receivedTime>
  <startTime>2025-10-31T18:45:09.2325043Z</startTime>
  <endTime>2025-10-31T18:45:13.1723396Z</endTime>
  <complete>True</complete>
  <is_temp>False</is_temp>
  <is_readonly>True</is_readonly>
  <buildSummary />
</deployment>