﻿<?xml version="1.0" encoding="utf-8"?>
<deployment>
  <id>d1aa870b-9058-4164-8808-8ee4906ac1cd</id>
  <author>N/A</author>
  <deployer>OneDeploy</deployer>
  <authorEmail>N/A</authorEmail>
  <message>OneDeploy</message>
  <progress></progress>
  <status>Success</status>
  <statusText></statusText>
  <lastSuccessEndTime>2025-10-31T11:28:19.188431Z</lastSuccessEndTime>
  <receivedTime>2025-10-31T11:25:54.7206485Z</receivedTime>
  <startTime>2025-10-31T11:25:56.2849694Z</startTime>
  <endTime>2025-10-31T11:28:19.188431Z</endTime>
  <complete>True</complete>
  <is_temp>False</is_temp>
  <is_readonly>True</is_readonly>
  <buildSummary />
</deployment>