﻿<?xml version="1.0" encoding="utf-8"?>
<deployment>
  <id>fc8f9b43-74e4-4cbd-82d1-e3b966bc2241</id>
  <author>N/A</author>
  <deployer>OneDeploy</deployer>
  <authorEmail>N/A</authorEmail>
  <message>OneDeploy</message>
  <progress></progress>
  <status>Success</status>
  <statusText></statusText>
  <lastSuccessEndTime>2025-10-31T11:32:59.7459487Z</lastSuccessEndTime>
  <receivedTime>2025-10-31T11:29:49.7199923Z</receivedTime>
  <startTime>2025-10-31T11:29:51.3090546Z</startTime>
  <endTime>2025-10-31T11:32:59.7459487Z</endTime>
  <complete>True</complete>
  <is_temp>False</is_temp>
  <is_readonly>True</is_readonly>
  <buildSummary />
</deployment>