﻿<?xml version="1.0" encoding="utf-8"?>
<deployment>
  <id>908974e7-3efd-4369-b7c4-45119d77bef3</id>
  <author>N/A</author>
  <deployer>OneDeploy</deployer>
  <authorEmail>N/A</authorEmail>
  <message>OneDeploy</message>
  <progress></progress>
  <status>Success</status>
  <statusText></statusText>
  <lastSuccessEndTime>2025-10-31T18:29:01.4781977Z</lastSuccessEndTime>
  <receivedTime>2025-10-31T18:28:55.0433423Z</receivedTime>
  <startTime>2025-10-31T18:28:56.5634628Z</startTime>
  <endTime>2025-10-31T18:29:01.4781977Z</endTime>
  <complete>True</complete>
  <is_temp>False</is_temp>
  <is_readonly>True</is_readonly>
  <buildSummary />
</deployment>