<step title="Incoming Request" date="2025-10-31T19:04:43.980" instance="62968f" url="/api/zipdeploy?isAsync=true" method="POST" type="request" pid="770,1,26" Accept="*/*" Host="elija-agota.scm.azurewebsites.net" User-Agent="AZURECLI/2.78.0 (MSI)" Accept-Encoding="gzip, deflate" Authorization="Bea..." Cache-Control="no-cache" Content-Type="application/octet-stream" Content-Length="26554021" x-ms-client-request-id="72749761-b68c-11f0-8efb-782b46c5554f" x-ms-artifact-checksum="b391602097ebe818dbc6bdb9bef238ae53b3348e7fe3cfc9fc11ca4333097ae1" X-ARR-LOG-ID="72749761-b68c-11f0-8efb-782b46c5554f" CLIENT-IP="5.20.231.144:58537" X-SITE-DEPLOYMENT-ID="elija-agota" WAS-DEFAULT-HOSTNAME="elija-agota.scm.azurewebsites.net" X-Forwarded-Proto="https" X-AppService-Proto="https" X-Forwarded-TlsVersion="1.3" X-WAWS-Unencoded-URL="/api/zipdeploy?isAsync=true" X-Client-IP="5.20.231.144" X-Client-Port="58537" >
  <step title="Cleanup Xml Logs" date="2025-10-31T19:04:43.994" >
    <step title="Cleanup Infos" date="2025-10-31T19:04:44.015" totalFiles="299" totalCleanup="139" /><!-- duration: 25ms -->
  </step><!-- duration: 53ms -->
  <step title="ZipPushDeploy" date="2025-10-31T19:04:46.018" >
    <step title="ZipDeploy. Extract zip. Remote build." date="2025-10-31T19:04:46.047" /><!-- duration: 4ms -->
    <step title="None repository commit" date="2025-10-31T19:04:46.073" >
      <step title="Commit id: 07822819-4ebf-46dd-95f5-63e2d7fa9429" date="2025-10-31T19:04:46.078" Message="N/A" AuthorName="N/A" AuthorEmail="N/A" /><!-- duration: 7ms -->
    </step><!-- duration: 17ms -->
    <step title="Starting PushDeployAsync" date="2025-10-31T19:04:46.094" /><!-- duration: 4ms -->
    <step title="Writing artifact to /tmp/zipdeploy/9795792e-af53-42a0-8aed-37afd3d13398.zip" date="2025-10-31T19:04:46.167" >
      <step title="Writing multipart request body to /tmp/zipdeploy/9795792e-af53-42a0-8aed-37afd3d13398.zip" date="2025-10-31T19:04:46.174" /><!-- duration: 12ms -->
    </step><!-- duration: 1113ms -->
    <step title="Start deployment in the background" date="2025-10-31T19:04:47.302" >
      <step title="Acquiring Deployment Lock" date="2025-10-31T19:04:47.390" /><!-- duration: 5ms -->
      <step title="Acquired Deployment Lock" date="2025-10-31T19:04:47.517" /><!-- duration: 5ms -->
    </step><!-- duration: 392ms -->
  </step><!-- duration: 1716ms -->
  <step title="Outgoing response" date="2025-10-31T19:04:47.764" type="response" statusCode="202" statusText="Accepted" /><!-- duration: 8ms -->
</step><!-- duration: 3797ms -->
