<step title="Incoming Request" date="2025-10-31T19:04:59.152" instance="62968f" url="/api/deployments/latest" method="GET" type="request" pid="770,1,29" Accept="*/*" Host="elija-agota.scm.azurewebsites.net" User-Agent="AZURECLI/2.78.0 (MSI)" Accept-Encoding="gzip, deflate" Authorization="Bea..." x-ms-client-request-id="72749761-b68c-11f0-8efb-782b46c5554f" X-ARR-LOG-ID="72749761-b68c-11f0-8efb-782b46c5554f" CLIENT-IP="5.20.231.144:58551" X-SITE-DEPLOYMENT-ID="elija-agota" WAS-DEFAULT-HOSTNAME="elija-agota.scm.azurewebsites.net" X-Forwarded-Proto="https" X-AppService-Proto="https" X-Forwarded-TlsVersion="1.3" X-WAWS-Unencoded-URL="/api/deployments/latest" X-Client-IP="5.20.231.144" X-Client-Port="58551" >
  <step title="Cleanup Xml Logs" date="2025-10-31T19:04:59.156" >
    <step title="Cleanup Infos" date="2025-10-31T19:04:59.203" totalFiles="302" totalCleanup="142" /><!-- duration: 38ms -->
  </step><!-- duration: 104ms -->
  <step title="DeploymentService.GetResult" date="2025-10-31T19:04:59.300" >
    <step title="DeploymentService.GetLatestDeployment" date="2025-10-31T19:04:59.316" >
      <step title="DeploymentManager.GetResults" date="2025-10-31T19:04:59.333" /><!-- duration: 1416ms -->
    </step><!-- duration: 1441ms -->
  </step><!-- duration: 1461ms -->
  <step title="Outgoing response" date="2025-10-31T19:05:00.769" type="response" statusCode="202" statusText="Accepted" /><!-- duration: 8ms -->
</step><!-- duration: 1629ms -->
