<step title="Incoming Request" date="2025-10-31T11:31:40.761" instance="9d9ad2" url="/api/deployments/latest?deployer=OneDeploy&amp;time=2025-10-31_11-29-45Z" method="GET" type="request" pid="771,1,32" Host="elija-agota.scm.azurewebsites.net" User-Agent="GITHUBACTIONS_DeployWebAppToAzure_447cc94276dbd68cf81be55ee451002528eb92b7c86599d217777599f45f742c" Authorization="Bea..." Content-Type="application/json; charset=utf-8" Cookie="ARRAffinity=9d9ad26f55314832f40453d107bc280606f9336225ee3827727ea25821b4efdd;Path=/;HttpOnly;Secure;Domain=elija-agota.scm.azurewebsites.net; ARRAffinitySameSite=9d9ad26f55314832f40453d107bc280606f9336225ee3827727ea25821b4efdd;Path=/;HttpOnly;SameSite=None;Secure;Domain=elija-agota.scm.azurewebsites.net" Content-Length="0" X-ARR-LOG-ID="160349bc-17e0-43d1-8046-73589b490b7f" CLIENT-IP="172.182.195.136:56384" X-SITE-DEPLOYMENT-ID="elija-agota" WAS-DEFAULT-HOSTNAME="elija-agota.scm.azurewebsites.net" X-Forwarded-Proto="https" X-AppService-Proto="https" X-Forwarded-TlsVersion="1.3" X-WAWS-Unencoded-URL="/api/deployments/latest?deployer=OneDeploy&amp;time=2025-10-31_11-29-45Z" X-Client-IP="172.182.195.136" X-Client-Port="56384" >
  <step title="Cleanup Xml Logs" date="2025-10-31T11:31:40.829" >
    <step title="Cleanup Infos" date="2025-10-31T11:31:40.848" totalFiles="203" totalCleanup="43" /><!-- duration: 18ms -->
  </step><!-- duration: 47ms -->
  <step title="DeploymentService.GetResult" date="2025-10-31T11:31:40.888" >
    <step title="DeploymentService.GetLatestDeployment" date="2025-10-31T11:31:40.893" >
      <step title="DeploymentManager.GetResults" date="2025-10-31T11:31:40.913" /><!-- duration: 773ms -->
    </step><!-- duration: 806ms -->
  </step><!-- duration: 822ms -->
  <step title="Outgoing response" date="2025-10-31T11:31:41.749" type="response" statusCode="202" statusText="Accepted" /><!-- duration: 21ms -->
</step><!-- duration: 1086ms -->
