<step title="Incoming Request" date="2025-10-31T11:33:22.537" instance="9d9ad2" url="/api/publish?async=true&amp;deployer=GITHUB_ONE_DEPLOY&amp;type=zip&amp;message=%7B%22type%22%3A%22deployment%22%2C%22sha%22%3A%2290cbd0dfcd9a5db36379fc358bcf1f3abc64914f%22%2C%22repoName%22%3A%22KayVee77%2Fkid-chore-points%22%2C%22actor%22%3A%22KayVee77%22%2C%22slotName%22%3A%22Production%22%2C%22commitMessage%22%3A%22Fix%20.gitignore%3A%20exclude%20staticfiles%2C%20__pycache__%2C%20db.sqlite3%2C%20deploy%20scripts%22%7D" method="POST" type="request" pid="771,1,16" Host="elija-agota.scm.azurewebsites.net" User-Agent="GITHUBACTIONS_DeployWebAppToAzure_447cc94276dbd68cf81be55ee451002528eb92b7c86599d217777599f45f742c" Authorization="Bea..." Content-Type="application/octet-stream" Cookie="ARRAffinity=9d9ad26f55314832f40453d107bc280606f9336225ee3827727ea25821b4efdd;Path=/;HttpOnly;Secure;Domain=elija-agota.scm.azurewebsites.net; ARRAffinitySameSite=9d9ad26f55314832f40453d107bc280606f9336225ee3827727ea25821b4efdd;Path=/;HttpOnly;SameSite=None;Secure;Domain=elija-agota.scm.azurewebsites.net" Transfer-Encoding="chunked" X-ARR-LOG-ID="70c3192e-7ada-45e1-ab06-bc8885d252c4" CLIENT-IP="52.173.219.148:25632" X-SITE-DEPLOYMENT-ID="elija-agota" WAS-DEFAULT-HOSTNAME="elija-agota.scm.azurewebsites.net" X-Forwarded-Proto="https" X-AppService-Proto="https" X-Forwarded-TlsVersion="1.3" X-WAWS-Unencoded-URL="/api/publish?async=true&amp;deployer=GITHUB_ONE_DEPLOY&amp;type=zip&amp;message=%7B%22type%22%3A%22deployment%22%2C%22sha%22%3A%2290cbd0dfcd9a5db36379fc358bcf1f3abc64914f%22%2C%22repoName%22%3A%22KayVee77%2Fkid-chore-points%22%2C%22actor%22%3A%22KayVee77%22%2C%22slotName%22%3A%22Production%22%2C%22commitMessage%22%3A%22Fix%20.gitignore%3A%20exclude%20staticfiles%2C%20__pycache__%2C%20db.sqlite3%2C%20deploy%20scripts%22%7D" X-Client-IP="52.173.219.148" X-Client-Port="25632" >
  <step title="OneDeploy" date="2025-10-31T11:33:22.860" >
    <step title="Starting PushDeployAsync" date="2025-10-31T11:33:22.953" /><!-- duration: 34ms -->
    <step title="Writing artifact to /tmp/zipdeploy/4996533f-777a-440d-afe5-5718901a9bde.zip" date="2025-10-31T11:33:23.085" >
      <step title="Writing multipart request body to /tmp/zipdeploy/4996533f-777a-440d-afe5-5718901a9bde.zip" date="2025-10-31T11:33:23.106" /><!-- duration: 36ms -->
    </step><!-- duration: 166ms -->
    <step title="Removing previous build artifact&apos;s manifest file" date="2025-10-31T11:33:23.298" >
      <step title="Start deployment in the background" date="2025-10-31T11:33:23.357" >
        <step title="Acquiring Deployment Lock" date="2025-10-31T11:33:23.442" /><!-- duration: 13ms -->
        <step title="Acquired Deployment Lock" date="2025-10-31T11:33:23.542" /><!-- duration: 11ms -->
      </step><!-- duration: 456ms -->
    </step><!-- duration: 621ms -->
    <step title="Outgoing response" date="2025-10-31T11:33:24.102" type="response" statusCode="202" statusText="Accepted" /><!-- duration: 28ms -->
  </step><!-- duration: 1305ms -->
