<step title="Incoming Request" date="2025-10-31T18:14:02.123" instance="62968f" url="/api/deployments/latest?deployer=OneDeploy&amp;time=2025-10-31_18-13-48Z" method="GET" type="request" pid="768,1,28" Host="elija-agota.scm.azurewebsites.net" User-Agent="GITHUBACTIONS_DeployWebAppToAzure_447cc94276dbd68cf81be55ee451002528eb92b7c86599d217777599f45f742c" Authorization="Bea..." Content-Type="application/json; charset=utf-8" Cookie="ARRAffinity=62968f75e98f1b39ee221d77d807e7671d2663c0777033f34feb2e095767bb15;Path=/;HttpOnly;Secure;Domain=elija-agota.scm.azurewebsites.net; ARRAffinitySameSite=62968f75e98f1b39ee221d77d807e7671d2663c0777033f34feb2e095767bb15;Path=/;HttpOnly;SameSite=None;Secure;Domain=elija-agota.scm.azurewebsites.net" Content-Length="0" X-ARR-LOG-ID="d0372c8b-5f1a-47a9-86e9-0f6c805e7f7b" CLIENT-IP="172.208.152.214:34880" X-SITE-DEPLOYMENT-ID="elija-agota" WAS-DEFAULT-HOSTNAME="elija-agota.scm.azurewebsites.net" X-Forwarded-Proto="https" X-AppService-Proto="https" X-Forwarded-TlsVersion="1.3" X-WAWS-Unencoded-URL="/api/deployments/latest?deployer=OneDeploy&amp;time=2025-10-31_18-13-48Z" X-Client-IP="172.208.152.214" X-Client-Port="34880" >
  <step title="Cleanup Xml Logs" date="2025-10-31T18:14:02.132" >
    <step title="Cleanup Infos" date="2025-10-31T18:14:02.181" totalFiles="267" totalCleanup="107" /><!-- duration: 68ms -->
  </step><!-- duration: 127ms -->
  <step title="DeploymentService.GetResult" date="2025-10-31T18:14:02.470" >
    <step title="DeploymentService.GetLatestDeployment" date="2025-10-31T18:14:02.480" >
      <step title="DeploymentManager.GetResults" date="2025-10-31T18:14:02.489" /><!-- duration: 1716ms -->
    </step><!-- duration: 1794ms -->
  </step><!-- duration: 1859ms -->
  <step title="Outgoing response" date="2025-10-31T18:14:04.349" type="response" statusCode="202" statusText="Accepted" /><!-- duration: 86ms -->
</step><!-- duration: 2322ms -->
