<step title="Incoming Request" date="2025-10-31T19:04:54.181" instance="62968f" url="/api/deployments/latest" method="GET" type="request" pid="770,1,29" Accept="*/*" Host="elija-agota.scm.azurewebsites.net" User-Agent="AZURECLI/2.78.0 (MSI)" Accept-Encoding="gzip, deflate" Authorization="Bea..." x-ms-client-request-id="72749761-b68c-11f0-8efb-782b46c5554f" X-ARR-LOG-ID="72749761-b68c-11f0-8efb-782b46c5554f" CLIENT-IP="5.20.231.144:58547" X-SITE-DEPLOYMENT-ID="elija-agota" WAS-DEFAULT-HOSTNAME="elija-agota.scm.azurewebsites.net" X-Forwarded-Proto="https" X-AppService-Proto="https" X-Forwarded-TlsVersion="1.3" X-WAWS-Unencoded-URL="/api/deployments/latest" X-Client-IP="5.20.231.144" X-Client-Port="58547" >
  <step title="Cleanup Xml Logs" date="2025-10-31T19:04:54.192" >
    <step title="Cleanup Infos" date="2025-10-31T19:04:54.229" totalFiles="301" totalCleanup="141" /><!-- duration: 13ms -->
  </step><!-- duration: 66ms -->
  <step title="DeploymentService.GetResult" date="2025-10-31T19:04:54.444" >
    <step title="DeploymentService.GetLatestDeployment" date="2025-10-31T19:04:54.456" >
      <step title="DeploymentManager.GetResults" date="2025-10-31T19:04:54.472" /><!-- duration: 1641ms -->
    </step><!-- duration: 1696ms -->
  </step><!-- duration: 1717ms -->
  <step title="Outgoing response" date="2025-10-31T19:04:56.411" type="response" statusCode="202" statusText="Accepted" /><!-- duration: 13ms -->
</step><!-- duration: 2252ms -->
