<step title="BackgroundTrace" date="2025-10-30T22:30:07.330" instance="9d9ad2" url="/api/publish" method="POST" >
  <step title="Creating temporary deployment - FetchDeploymentManager" date="2025-10-30T22:30:07.485" /><!-- duration: 5ms -->
  <step title="Creating temporary deployment" date="2025-10-30T22:30:07.496" /><!-- duration: 161ms -->
  <step title="Performing fetch based deployment" date="2025-10-30T22:30:07.861" >
    <step title="Cleaning up temp folders from previous zip deployments and extracting pushed zip file /tmp/zipdeploy/4914b243-aa5b-40bf-839f-4426c31fa762.zip (0.11 MB) to /tmp/zipdeploy/extracted" date="2025-10-30T22:30:09.847" >
      <step title="ChmodRecursive Process exited with total time taken in ms: 128" date="2025-10-30T22:30:10.117" /><!-- duration: 17ms -->
    </step><!-- duration: 292ms -->
    <step title="Deployment timer started" date="2025-10-30T22:30:12.163" >
      <step title="DeploymentManager.Deploy(id:24215fbf-3702-4840-9948-6d81f94e2b0a)" date="2025-10-30T22:30:12.177" >
        <step title="Collecting changeset information" date="2025-10-30T22:30:12.232" /><!-- duration: 190ms -->
        <step title="Updating submodules" date="2025-10-30T22:30:12.432" /><!-- duration: 1223ms -->
        <step title="Determining deployment builder" date="2025-10-30T22:30:13.954" >
          <step title="Builder is OryxBuilder" date="2025-10-30T22:30:13.996" /><!-- duration: 5ms -->
        </step><!-- duration: 55ms -->
        <step title="PreDeployment: context.CleanOutputPath False" date="2025-10-30T22:30:14.109" >
          <step title="PreDeployment: context.OutputPath /home/site/wwwroot" date="2025-10-30T22:30:14.334" >
            <step title="Building" date="2025-10-30T22:30:14.658" >
              <step title="Executing external process" date="2025-10-30T22:30:15.304" type="process" path="bash" arguments="-c &quot;oryx build /tmp/zipdeploy/extracted -o /home/site/wwwroot --platform python --platform-version 3.11 -p virtualenv_name=antenv --log-file /tmp/build-debug.log  -i /tmp/8de1803e5114ab6 --compress-destination-dir | tee /tmp/oryx-build.log ; exit $PIPESTATUS &quot;" /><!-- duration: 183908ms -->
              <step title="Using PythonDeploymentLogParser" date="2025-10-30T22:33:20.011" /><!-- duration: 7ms -->
              <step title="Modified file to trigger a restart of the app container." date="2025-10-30T22:33:22.412" /><!-- duration: 7ms -->
              <step title="Skip function trigger and logicapp sync because function is not enabled." date="2025-10-30T22:33:22.432" /><!-- duration: 15ms -->
            </step><!-- duration: 188810ms -->
          </step><!-- duration: 189150ms -->
          <step title="Cleaning up temp files" date="2025-10-30T22:33:23.493" /><!-- duration: 3775ms -->
          <step title="Cleaning up temp files" date="2025-10-30T22:33:27.277" /><!-- duration: 528ms -->
          <step title="Reloading status file with latest updates" date="2025-10-30T22:33:27.857" >
            <step title="WebHooksManager.PublishEventAsync: PostDeployment" date="2025-10-30T22:33:27.875" /><!-- duration: 222ms -->
          </step><!-- duration: 244ms -->
          <step title="Cleaning up temporary deployment - fetch deployment was successful" date="2025-10-30T22:33:28.110" /><!-- duration: 6ms -->
        </step><!-- duration: 194084ms -->
      </step><!-- duration: 196049ms -->
