<step title="Incoming Request" date="2025-10-31T11:32:10.262" instance="9d9ad2" url="/api/deployments/latest?deployer=OneDeploy&amp;time=2025-10-31_11-29-45Z" method="GET" type="request" pid="771,1,32" Host="elija-agota.scm.azurewebsites.net" User-Agent="GITHUBACTIONS_DeployWebAppToAzure_447cc94276dbd68cf81be55ee451002528eb92b7c86599d217777599f45f742c" Authorization="Bea..." Content-Type="application/json; charset=utf-8" Cookie="ARRAffinity=9d9ad26f55314832f40453d107bc280606f9336225ee3827727ea25821b4efdd;Path=/;HttpOnly;Secure;Domain=elija-agota.scm.azurewebsites.net; ARRAffinitySameSite=9d9ad26f55314832f40453d107bc280606f9336225ee3827727ea25821b4efdd;Path=/;HttpOnly;SameSite=None;Secure;Domain=elija-agota.scm.azurewebsites.net" Content-Length="0" X-ARR-LOG-ID="50048310-c790-4e80-ab54-db687454fe4f" CLIENT-IP="172.182.195.136:56384" X-SITE-DEPLOYMENT-ID="elija-agota" WAS-DEFAULT-HOSTNAME="elija-agota.scm.azurewebsites.net" X-Forwarded-Proto="https" X-AppService-Proto="https" X-Forwarded-TlsVersion="1.3" X-WAWS-Unencoded-URL="/api/deployments/latest?deployer=OneDeploy&amp;time=2025-10-31_11-29-45Z" X-Client-IP="172.182.195.136" X-Client-Port="56384" >
  <step title="Cleanup Xml Logs" date="2025-10-31T11:32:10.320" >
    <step title="Cleanup Infos" date="2025-10-31T11:32:10.420" totalFiles="207" totalCleanup="47" /><!-- duration: 12ms -->
  </step><!-- duration: 121ms -->
  <step title="DeploymentService.GetResult" date="2025-10-31T11:32:10.460" >
    <step title="DeploymentService.GetLatestDeployment" date="2025-10-31T11:32:10.470" >
      <step title="DeploymentManager.GetResults" date="2025-10-31T11:32:10.488" /><!-- duration: 2260ms -->
    </step><!-- duration: 2314ms -->
  </step><!-- duration: 2346ms -->
  <step title="Outgoing response" date="2025-10-31T11:32:12.843" type="response" statusCode="202" statusText="Accepted" /><!-- duration: 17ms -->
</step><!-- duration: 2618ms -->
