<step title="Incoming Request" date="2025-10-31T10:49:20.108" instance="9d9ad2" url="/api/publish?async=true&amp;deployer=GITHUB_ONE_DEPLOY&amp;type=zip&amp;message=%7B%22type%22%3A%22deployment%22%2C%22sha%22%3A%22fef94dd938458fc752d61fa355972e3682d09ab0%22%2C%22repoName%22%3A%22KayVee77%2Fkid-chore-points%22%2C%22actor%22%3A%22KayVee77%22%2C%22slotName%22%3A%22Production%22%2C%22commitMessage%22%3A%22Add%20gender-aware%20greetings%20and%20improve%20admin%20session%20security%5Cn%5Cn-%20Add%20gender%20field%20to%20Kid%20model%20(M%2FF%2FO%20choices)%5Cn-%20Implement%20get_greeting()%20method%20for%20Lithuanian%20gender-specific%20greetings%5Cn%20%20-%20Boys%3A%20%27Sveikas%2C%20%5Bname%5D!%27%5Cn%20%20-%20Girls%3A%20%27Sveika%2C%20%5Bname%5D!%27%5Cn-%20Update%20kid_login%20view%20to%20use%20gender-aware%20greeting%5Cn-%20Add%20session%20security%20settings%3A%5Cn%20%20-%201%20hour%20session%20timeout%5Cn%20%20-%20Sessions%20expire%20on%20browser%20close%5Cn%20%20-%20HttpOnly%20cookies%20(prevent%20JS%20access)%5Cn%20%20-%20SameSite%3DLax%20for%20CSRF%20protection%5Cn%20%20-%20Secure%20cookies%20in%20production%20(HTTPS)%5Cn-%20Update%20seed_demo_lt%20command%20to%20set%20gender%20(Elija%3DM%2C%20Agota%3DF)%22%7D" method="POST" type="request" pid="774,1,15" Host="elija-agota.scm.azurewebsites.net" User-Agent="GITHUBACTIONS_DeployWebAppToAzure_447cc94276dbd68cf81be55ee451002528eb92b7c86599d217777599f45f742c" Authorization="Bea..." Content-Type="application/octet-stream" Cookie="ARRAffinity=9d9ad26f55314832f40453d107bc280606f9336225ee3827727ea25821b4efdd;Path=/;HttpOnly;Secure;Domain=elija-agota.scm.azurewebsites.net; ARRAffinitySameSite=9d9ad26f55314832f40453d107bc280606f9336225ee3827727ea25821b4efdd;Path=/;HttpOnly;SameSite=None;Secure;Domain=elija-agota.scm.azurewebsites.net" Transfer-Encoding="chunked" X-ARR-LOG-ID="dd403b30-6280-416d-8870-c894c34dc261" CLIENT-IP="52.159.229.144:62464" X-SITE-DEPLOYMENT-ID="elija-agota" WAS-DEFAULT-HOSTNAME="elija-agota.scm.azurewebsites.net" X-Forwarded-Proto="https" X-AppService-Proto="https" X-Forwarded-TlsVersion="1.3" X-WAWS-Unencoded-URL="/api/publish?async=true&amp;deployer=GITHUB_ONE_DEPLOY&amp;type=zip&amp;message=%7B%22type%22%3A%22deployment%22%2C%22sha%22%3A%22fef94dd938458fc752d61fa355972e3682d09ab0%22%2C%22repoName%22%3A%22KayVee77%2Fkid-chore-points%22%2C%22actor%22%3A%22KayVee77%22%2C%22slotName%22%3A%22Production%22%2C%22commitMessage%22%3A%22Add%20gender-aware%20greetings%20and%20improve%20admin%20session%20security%5Cn%5Cn-%20Add%20gender%20field%20to%20Kid%20model%20(M%2FF%2FO%20choices)%5Cn-%20Implement%20get_greeting()%20method%20for%20Lithuanian%20gender-specific%20greetings%5Cn%20%20-%20Boys%3A%20%27Sveikas%2C%20%5Bname%5D!%27%5Cn%20%20-%20Girls%3A%20%27Sveika%2C%20%5Bname%5D!%27%5Cn-%20Update%20kid_login%20view%20to%20use%20gender-aware%20greeting%5Cn-%20Add%20session%20security%20settings%3A%5Cn%20%20-%201%20hour%20session%20timeout%5Cn%20%20-%20Sessions%20expire%20on%20browser%20close%5Cn%20%20-%20HttpOnly%20cookies%20(prevent%20JS%20access)%5Cn%20%20-%20SameSite%3DLax%20for%20CSRF%20protection%5Cn%20%20-%20Secure%20cookies%20in%20production%20(HTTPS)%5Cn-%20Update%20seed_demo_lt%20command%20to%20set%20gender%20(Elija%3DM%2C%20Agota%3DF)%22%7D" X-Client-IP="52.159.229.144" X-Client-Port="62464" >
  <step title="OneDeploy" date="2025-10-31T10:49:20.273" >
    <step title="None repository commit" date="2025-10-31T10:49:20.317" >
      <step title="Commit id: 3be37b5e-8b9f-4073-907e-d76779f77674" date="2025-10-31T10:49:20.323" Message="N/A" AuthorName="N/A" AuthorEmail="N/A" /><!-- duration: 5ms -->
    </step><!-- duration: 16ms -->
    <step title="Starting PushDeployAsync" date="2025-10-31T10:49:20.341" /><!-- duration: 10ms -->
    <step title="Writing artifact to /tmp/zipdeploy/d79d0c32-25b0-4e55-82c6-35d51fa3b350.zip" date="2025-10-31T10:49:20.488" >
      <step title="Writing multipart request body to /tmp/zipdeploy/d79d0c32-25b0-4e55-82c6-35d51fa3b350.zip" date="2025-10-31T10:49:20.498" /><!-- duration: 9ms -->
    </step><!-- duration: 136ms -->
    <step title="Removing previous build artifact&apos;s manifest file" date="2025-10-31T10:49:20.635" >
      <step title="Start deployment in the background" date="2025-10-31T10:49:20.777" >
        <step title="Acquiring Deployment Lock" date="2025-10-31T10:49:20.861" /><!-- duration: 5ms -->
        <step title="Acquired Deployment Lock" date="2025-10-31T10:49:20.921" /><!-- duration: 4ms -->
      </step><!-- duration: 399ms -->
    </step><!-- duration: 562ms -->
    <step title="Outgoing response" date="2025-10-31T10:49:21.216" type="response" statusCode="202" statusText="Accepted" /><!-- duration: 9ms -->
  </step><!-- duration: 957ms -->
