<step title="Incoming Request" date="2025-10-31T18:14:52.927" instance="62968f" url="/api/deployments/latest?deployer=OneDeploy&amp;time=2025-10-31_18-13-48Z" method="GET" type="request" pid="768,1,28" Host="elija-agota.scm.azurewebsites.net" User-Agent="GITHUBACTIONS_DeployWebAppToAzure_447cc94276dbd68cf81be55ee451002528eb92b7c86599d217777599f45f742c" Authorization="Bea..." Content-Type="application/json; charset=utf-8" Cookie="ARRAffinity=62968f75e98f1b39ee221d77d807e7671d2663c0777033f34feb2e095767bb15;Path=/;HttpOnly;Secure;Domain=elija-agota.scm.azurewebsites.net; ARRAffinitySameSite=62968f75e98f1b39ee221d77d807e7671d2663c0777033f34feb2e095767bb15;Path=/;HttpOnly;SameSite=None;Secure;Domain=elija-agota.scm.azurewebsites.net" Content-Length="0" X-ARR-LOG-ID="037e8aad-5456-4915-8c70-ea83925dcdb6" CLIENT-IP="172.208.152.214:34881" X-SITE-DEPLOYMENT-ID="elija-agota" WAS-DEFAULT-HOSTNAME="elija-agota.scm.azurewebsites.net" X-Forwarded-Proto="https" X-AppService-Proto="https" X-Forwarded-TlsVersion="1.3" X-WAWS-Unencoded-URL="/api/deployments/latest?deployer=OneDeploy&amp;time=2025-10-31_18-13-48Z" X-Client-IP="172.208.152.214" X-Client-Port="34881" >
  <step title="Cleanup Xml Logs" date="2025-10-31T18:14:52.936" >
    <step title="Cleanup Infos" date="2025-10-31T18:14:52.965" totalFiles="274" totalCleanup="114" /><!-- duration: 20ms -->
  </step><!-- duration: 61ms -->
  <step title="DeploymentService.GetResult" date="2025-10-31T18:14:53.047" >
    <step title="DeploymentService.GetLatestDeployment" date="2025-10-31T18:14:53.129" >
      <step title="DeploymentManager.GetResults" date="2025-10-31T18:14:53.141" /><!-- duration: 1366ms -->
    </step><!-- duration: 1397ms -->
  </step><!-- duration: 1517ms -->
  <step title="Outgoing response" date="2025-10-31T18:14:54.576" type="response" statusCode="202" statusText="Accepted" /><!-- duration: 15ms -->
</step><!-- duration: 1685ms -->
