<step title="Incoming Request" date="2025-10-31T11:33:50.241" instance="9d9ad2" url="/api/deployments/latest?deployer=OneDeploy&amp;time=2025-10-31_11-33-23Z" method="GET" type="request" pid="771,1,37" Host="elija-agota.scm.azurewebsites.net" User-Agent="GITHUBACTIONS_DeployWebAppToAzure_447cc94276dbd68cf81be55ee451002528eb92b7c86599d217777599f45f742c" Authorization="Bea..." Content-Type="application/json; charset=utf-8" Cookie="ARRAffinity=9d9ad26f55314832f40453d107bc280606f9336225ee3827727ea25821b4efdd;Path=/;HttpOnly;Secure;Domain=elija-agota.scm.azurewebsites.net; ARRAffinitySameSite=9d9ad26f55314832f40453d107bc280606f9336225ee3827727ea25821b4efdd;Path=/;HttpOnly;SameSite=None;Secure;Domain=elija-agota.scm.azurewebsites.net" Content-Length="0" X-ARR-LOG-ID="f9783231-c907-4433-9ce7-f498c3e5ae40" CLIENT-IP="52.173.219.148:25633" X-SITE-DEPLOYMENT-ID="elija-agota" WAS-DEFAULT-HOSTNAME="elija-agota.scm.azurewebsites.net" X-Forwarded-Proto="https" X-AppService-Proto="https" X-Forwarded-TlsVersion="1.3" X-WAWS-Unencoded-URL="/api/deployments/latest?deployer=OneDeploy&amp;time=2025-10-31_11-33-23Z" X-Client-IP="52.173.219.148" X-Client-Port="25633" >
  <step title="Cleanup Xml Logs" date="2025-10-31T11:33:50.258" >
    <step title="Cleanup Infos" date="2025-10-31T11:33:50.748" totalFiles="220" totalCleanup="60" /><!-- duration: 80ms -->
  </step><!-- duration: 610ms -->
  <step title="DeploymentService.GetResult" date="2025-10-31T11:33:51.042" >
    <step title="DeploymentService.GetLatestDeployment" date="2025-10-31T11:33:51.130" >
      <step title="DeploymentManager.GetResults" date="2025-10-31T11:33:51.168" /><!-- duration: 2335ms -->
    </step><!-- duration: 2670ms -->
  </step><!-- duration: 2937ms -->
  <step title="Outgoing response" date="2025-10-31T11:33:54.105" type="response" statusCode="202" statusText="Accepted" /><!-- duration: 39ms -->
</step><!-- duration: 3981ms -->
