<step title="Incoming Request" date="2025-10-31T11:36:36.496" instance="9d9ad2" url="/api/deployments/latest?deployer=OneDeploy&amp;time=2025-10-31_11-33-23Z" method="GET" type="request" pid="771,1,20" Host="elija-agota.scm.azurewebsites.net" User-Agent="GITHUBACTIONS_DeployWebAppToAzure_447cc94276dbd68cf81be55ee451002528eb92b7c86599d217777599f45f742c" Authorization="Bea..." Content-Type="application/json; charset=utf-8" Cookie="ARRAffinity=9d9ad26f55314832f40453d107bc280606f9336225ee3827727ea25821b4efdd;Path=/;HttpOnly;Secure;Domain=elija-agota.scm.azurewebsites.net; ARRAffinitySameSite=9d9ad26f55314832f40453d107bc280606f9336225ee3827727ea25821b4efdd;Path=/;HttpOnly;SameSite=None;Secure;Domain=elija-agota.scm.azurewebsites.net" Content-Length="0" X-ARR-LOG-ID="987f53c6-6369-4794-89ad-89f1eb6983ac" CLIENT-IP="52.173.219.148:25634" X-SITE-DEPLOYMENT-ID="elija-agota" WAS-DEFAULT-HOSTNAME="elija-agota.scm.azurewebsites.net" X-Forwarded-Proto="https" X-AppService-Proto="https" X-Forwarded-TlsVersion="1.3" X-WAWS-Unencoded-URL="/api/deployments/latest?deployer=OneDeploy&amp;time=2025-10-31_11-33-23Z" X-Client-IP="52.173.219.148" X-Client-Port="25634" >
  <step title="Cleanup Xml Logs" date="2025-10-31T11:36:36.517" >
    <step title="Cleanup Infos" date="2025-10-31T11:36:36.640" totalFiles="240" totalCleanup="80" /><!-- duration: 19ms -->
  </step><!-- duration: 163ms -->
  <step title="DeploymentService.GetResult" date="2025-10-31T11:36:36.758" >
    <step title="DeploymentService.GetLatestDeployment" date="2025-10-31T11:36:36.776" >
      <step title="DeploymentManager.GetResults" date="2025-10-31T11:36:36.824" /><!-- duration: 2087ms -->
    </step><!-- duration: 2157ms -->
  </step><!-- duration: 2194ms -->
  <step title="Outgoing response" date="2025-10-31T11:36:38.989" type="response" statusCode="202" statusText="Accepted" /><!-- duration: 13ms -->
</step><!-- duration: 2516ms -->
