<step title="Incoming Request" date="2025-10-31T18:13:55.651" instance="62968f" url="/api/deployments/latest?deployer=OneDeploy&amp;time=2025-10-31_18-13-48Z" method="GET" type="request" pid="768,1,28" Host="elija-agota.scm.azurewebsites.net" User-Agent="GITHUBACTIONS_DeployWebAppToAzure_447cc94276dbd68cf81be55ee451002528eb92b7c86599d217777599f45f742c" Authorization="Bea..." Content-Type="application/json; charset=utf-8" Cookie="ARRAffinity=62968f75e98f1b39ee221d77d807e7671d2663c0777033f34feb2e095767bb15;Path=/;HttpOnly;Secure;Domain=elija-agota.scm.azurewebsites.net; ARRAffinitySameSite=62968f75e98f1b39ee221d77d807e7671d2663c0777033f34feb2e095767bb15;Path=/;HttpOnly;SameSite=None;Secure;Domain=elija-agota.scm.azurewebsites.net" Content-Length="0" X-ARR-LOG-ID="31170c4f-8805-4856-98c0-a7392712cbb4" CLIENT-IP="172.208.152.214:34881" X-SITE-DEPLOYMENT-ID="elija-agota" WAS-DEFAULT-HOSTNAME="elija-agota.scm.azurewebsites.net" X-Forwarded-Proto="https" X-AppService-Proto="https" X-Forwarded-TlsVersion="1.3" X-WAWS-Unencoded-URL="/api/deployments/latest?deployer=OneDeploy&amp;time=2025-10-31_18-13-48Z" X-Client-IP="172.208.152.214" X-Client-Port="34881" >
  <step title="Cleanup Xml Logs" date="2025-10-31T18:13:55.672" >
    <step title="Cleanup Infos" date="2025-10-31T18:13:55.708" totalFiles="266" totalCleanup="106" /><!-- duration: 11ms -->
  </step><!-- duration: 55ms -->
  <step title="DeploymentService.GetResult" date="2025-10-31T18:13:55.740" >
    <step title="DeploymentService.GetLatestDeployment" date="2025-10-31T18:13:55.752" >
      <step title="DeploymentManager.GetResults" date="2025-10-31T18:13:55.759" /><!-- duration: 1008ms -->
    </step><!-- duration: 1037ms -->
  </step><!-- duration: 1067ms -->
  <step title="Outgoing response" date="2025-10-31T18:13:56.834" type="response" statusCode="202" statusText="Accepted" /><!-- duration: 12ms -->
</step><!-- duration: 1205ms -->
