<step title="Incoming Request" date="2025-10-31T18:33:31.461" instance="62968f" url="/api/publish?type=static&amp;path=core/migrations/0011_add_initial_chores_rewards.py" method="POST" type="request" pid="770,1,17" Accept="*/*" Host="elija-agota.scm.azurewebsites.net" User-Agent="AZURECLI/2.78.0 (MSI)" Accept-Encoding="gzip, deflate" Authorization="Bea..." Cache-Control="no-cache" Content-Type="application/octet-stream" Cookie="ARRAffinity=62968f75e98f1b39ee221d77d807e7671d2663c0777033f34feb2e095767bb15; ARRAffinitySameSite=62968f75e98f1b39ee221d77d807e7671d2663c0777033f34feb2e095767bb15" Content-Length="3304" x-ms-client-request-id="0f2e63e4-b688-11f0-9805-782b46c5554f" x-ms-artifact-checksum="ab9301488b53fba8206d1e7f6cff3fef5b01c44b126c4da0085d1319fe825c57" X-ARR-LOG-ID="0f2e63e4-b688-11f0-9805-782b46c5554f" CLIENT-IP="5.20.231.144:64735" X-SITE-DEPLOYMENT-ID="elija-agota" WAS-DEFAULT-HOSTNAME="elija-agota.scm.azurewebsites.net" X-Forwarded-Proto="https" X-AppService-Proto="https" X-Forwarded-TlsVersion="1.3" X-WAWS-Unencoded-URL="/api/publish?type=static&amp;path=core/migrations/0011_add_initial_chores_rewards.py" X-Client-IP="5.20.231.144" X-Client-Port="64735" >
  <step title="Cleanup Xml Logs" date="2025-10-31T18:33:31.466" >
    <step title="Cleanup Infos" date="2025-10-31T18:33:31.486" totalFiles="293" totalCleanup="133" /><!-- duration: 16ms -->
  </step><!-- duration: 42ms -->
  <step title="OneDeploy" date="2025-10-31T18:33:32.331" >
    <step title="Starting PushDeployAsync" date="2025-10-31T18:33:32.410" /><!-- duration: 19ms -->
    <step title="Writing artifact to /tmp/zipdeploy/0011_add_initial_chores_rewards.py" date="2025-10-31T18:33:32.506" >
      <step title="Writing multipart request body to /tmp/zipdeploy/0011_add_initial_chores_rewards.py" date="2025-10-31T18:33:32.526" /><!-- duration: 10ms -->
    </step><!-- duration: 176ms -->
    <step title="Attempting to fetch target branch HEAD" date="2025-10-31T18:33:32.900" /><!-- duration: 19ms -->
    <step title="Acquiring Deployment Lock" date="2025-10-31T18:33:32.957" /><!-- duration: 21ms -->
    <step title="Acquired Deployment Lock" date="2025-10-31T18:33:33.260" /><!-- duration: 11ms -->
    <step title="Performing fetch based deployment" date="2025-10-31T18:33:33.301" >
      <step title="Creating temporary deployment" date="2025-10-31T18:33:33.322" /><!-- duration: 306ms -->
      <step title="Releasing Deployment Lock" date="2025-10-31T18:33:34.988" /><!-- duration: 18ms -->
      <step title="Renaming (/tmp/zipdeploy/extracted) to (/tmp/zipdeploy/vrckmbfh.dsm)" date="2025-10-31T18:33:35.141" /><!-- duration: 48ms -->
      <step title="Moving /tmp/zipdeploy/vrckmbfh.dsm/ to /tmp/zipdeploy/extracted/core/migrations/0011_add_initial_chores_rewards.py" date="2025-10-31T18:33:35.209" /><!-- duration: 5ms -->
      <step title="None repository commit" date="2025-10-31T18:33:35.246" >
        <step title="Commit id: 1bc647bb-578d-43f1-8ba8-7ce20c56d1c6" date="2025-10-31T18:33:35.382" Message="OneDeploy" AuthorName="N/A" AuthorEmail="N/A" /><!-- duration: 10ms -->
      </step><!-- duration: 163ms -->
      <step title="Deployment timer started" date="2025-10-31T18:33:37.595" >
        <step title="DeploymentManager.Deploy(id:1bc647bb-578d-43f1-8ba8-7ce20c56d1c6)" date="2025-10-31T18:33:37.621" >
          <step title="Collecting changeset information" date="2025-10-31T18:33:37.708" /><!-- duration: 262ms -->
          <step title="Updating submodules" date="2025-10-31T18:33:38.036" /><!-- duration: 1486ms -->
          <step title="Determining deployment builder" date="2025-10-31T18:33:40.463" >
            <step title="Builder is OneDeployBuilder" date="2025-10-31T18:33:40.617" /><!-- duration: 123ms -->
          </step><!-- duration: 376ms -->
          <step title="PreDeployment: context.CleanOutputPath False" date="2025-10-31T18:33:41.134" >
            <step title="PreDeployment: context.OutputPath /home/site/wwwroot" date="2025-10-31T18:33:41.826" >
              <step title="Building" date="2025-10-31T18:33:42.197" >
                <step title="Executing external process" date="2025-10-31T18:33:43.382" type="process" path="starter.sh" arguments="/opt/Kudu/Scripts/parallel_rsync.sh /tmp/zipdeploy/extracted /home/site/wwwroot 8 /tmp/ False False  " /><!-- duration: 2029ms -->
                <step title="Modified file to trigger a restart of the app container." date="2025-10-31T18:33:46.476" /><!-- duration: 10ms -->
                <step title="Skip function trigger and logicapp sync because function is not enabled." date="2025-10-31T18:33:46.562" /><!-- duration: 46ms -->
                <step title="Purge deployment items" date="2025-10-31T18:33:49.350" >
                  <step title="Remove d32f7412-, Success, received at 10/30/2025 21:50:40" date="2025-10-31T18:33:49.582" /><!-- duration: 16ms -->
                </step><!-- duration: 267ms -->
              </step><!-- duration: 7618ms -->
            </step><!-- duration: 8016ms -->
            <step title="Cleaning up temp files" date="2025-10-31T18:33:49.854" /><!-- duration: 45ms -->
            <step title="Cleaning up temp files" date="2025-10-31T18:33:49.910" /><!-- duration: 613ms -->
            <step title="Reloading status file with latest updates" date="2025-10-31T18:33:50.671" >
              <step title="WebHooksManager.PublishEventAsync: PostDeployment" date="2025-10-31T18:33:50.711" /><!-- duration: 332ms -->
            </step><!-- duration: 430ms -->
            <step title="Cleaning up temporary deployment - fetch deployment was successful" date="2025-10-31T18:33:51.175" /><!-- duration: 30ms -->
          </step><!-- duration: 10851ms -->
        </step><!-- duration: 14440ms -->
        <step title="Outgoing response" date="2025-10-31T18:33:52.195" type="response" statusCode="200" statusText="OK" /><!-- duration: 10ms -->
      </step><!-- duration: 14650ms -->
