<step title="Incoming Request" date="2025-10-31T11:26:12.116" instance="9d9ad2" url="/api/publish?async=true&amp;deployer=GITHUB_ONE_DEPLOY&amp;type=zip&amp;message=%7B%22type%22%3A%22deployment%22%2C%22sha%22%3A%220e09bd5fad365429d00b8107a32dc67ac356fc33%22%2C%22repoName%22%3A%22KayVee77%2Fkid-chore-points%22%2C%22actor%22%3A%22KayVee77%22%2C%22slotName%22%3A%22Production%22%2C%22commitMessage%22%3A%22Clean%20up%20repository%20and%20update%20README%20for%20production%5Cn%5CnRemoved%20unnecessary%20files%3A%5Cn-%20Planning%20docs%3A%20ADVENTURE_MAP%2C%20UI_ENHANCEMENT%2C%20POINT_SYSTEM%5Cn-%20Troubleshooting%20docs%3A%20BUGFIX%2C%20DATABASE_REBUILD%2C%20HTTPS_SETUP%5Cn-%20Old%20instructions.md%20(replaced%20by%20Copilot%20instructions)%5Cn-%20Test%20script%3A%20test_points_fix.py%5Cn-%20Temp%20files%3A%20azure-logs.zip%2C%20.playwright-mcp%5Cn%5CnUpdated%20README.md%20with%3A%5Cn-%20Production%20app%20URL%20and%20Azure%20details%5Cn-%20Clear%20localhost%20vs%20production%20distinction%5Cn-%20Branch%20strategy%20(feature%20branches%20for%20dev%2C%20main%20for%20prod)%5Cn-%20Gender-aware%20greetings%20documentation%5Cn-%20Session%20security%20information%5Cn-%20Complete%20setup%20and%20deployment%20instructions%5Cn-%20User%20accounts%20reference%20(prod%20and%20local)%5Cn%5CnRemoved%20old%20chorepoints%2FREADME.md%20(duplicated%20content)%22%7D" method="POST" type="request" pid="771,1,30" Host="elija-agota.scm.azurewebsites.net" User-Agent="GITHUBACTIONS_DeployWebAppToAzure_447cc94276dbd68cf81be55ee451002528eb92b7c86599d217777599f45f742c" Authorization="Bea..." Content-Type="application/octet-stream" Cookie="ARRAffinity=9d9ad26f55314832f40453d107bc280606f9336225ee3827727ea25821b4efdd;Path=/;HttpOnly;Secure;Domain=elija-agota.scm.azurewebsites.net; ARRAffinitySameSite=9d9ad26f55314832f40453d107bc280606f9336225ee3827727ea25821b4efdd;Path=/;HttpOnly;SameSite=None;Secure;Domain=elija-agota.scm.azurewebsites.net" Transfer-Encoding="chunked" X-ARR-LOG-ID="cf1ac303-ce15-4839-b759-7d98a3a49e01" CLIENT-IP="48.214.55.36:21537" X-SITE-DEPLOYMENT-ID="elija-agota" WAS-DEFAULT-HOSTNAME="elija-agota.scm.azurewebsites.net" X-Forwarded-Proto="https" X-AppService-Proto="https" X-Forwarded-TlsVersion="1.3" X-WAWS-Unencoded-URL="/api/publish?async=true&amp;deployer=GITHUB_ONE_DEPLOY&amp;type=zip&amp;message=%7B%22type%22%3A%22deployment%22%2C%22sha%22%3A%220e09bd5fad365429d00b8107a32dc67ac356fc33%22%2C%22repoName%22%3A%22KayVee77%2Fkid-chore-points%22%2C%22actor%22%3A%22KayVee77%22%2C%22slotName%22%3A%22Production%22%2C%22commitMessage%22%3A%22Clean%20up%20repository%20and%20update%20README%20for%20production%5Cn%5CnRemoved%20unnecessary%20files%3A%5Cn-%20Planning%20docs%3A%20ADVENTURE_MAP%2C%20UI_ENHANCEMENT%2C%20POINT_SYSTEM%5Cn-%20Troubleshooting%20docs%3A%20BUGFIX%2C%20DATABASE_REBUILD%2C%20HTTPS_SETUP%5Cn-%20Old%20instructions.md%20(replaced%20by%20Copilot%20instructions)%5Cn-%20Test%20script%3A%20test_points_fix.py%5Cn-%20Temp%20files%3A%20azure-logs.zip%2C%20.playwright-mcp%5Cn%5CnUpdated%20README.md%20with%3A%5Cn-%20Production%20app%20URL%20and%20Azure%20details%5Cn-%20Clear%20localhost%20vs%20production%20distinction%5Cn-%20Branch%20strategy%20(feature%20branches%20for%20dev%2C%20main%20for%20prod)%5Cn-%20Gender-aware%20greetings%20documentation%5Cn-%20Session%20security%20information%5Cn-%20Complete%20setup%20and%20deployment%20instructions%5Cn-%20User%20accounts%20reference%20(prod%20and%20local)%5Cn%5CnRemoved%20old%20chorepoints%2FREADME.md%20(duplicated%20content)%22%7D" X-Client-IP="48.214.55.36" X-Client-Port="21537" >
  <step title="Cleanup Xml Logs" date="2025-10-31T11:26:12.132" /><!-- duration: 71ms -->
  <step title="OneDeploy" date="2025-10-31T11:26:12.270" >
    <step title="Starting PushDeployAsync" date="2025-10-31T11:26:12.298" /><!-- duration: 17ms -->
    <step title="Writing artifact to /tmp/zipdeploy/b3737420-4cb1-4d04-b350-a5afdbcdf59c.zip" date="2025-10-31T11:26:12.347" >
      <step title="Writing multipart request body to /tmp/zipdeploy/b3737420-4cb1-4d04-b350-a5afdbcdf59c.zip" date="2025-10-31T11:26:12.363" /><!-- duration: 25ms -->
    </step><!-- duration: 105ms -->
    <step title="Start deployment in the background" date="2025-10-31T11:26:12.508" >
      <step title="Acquiring Deployment Lock" date="2025-10-31T11:26:12.540" /><!-- duration: 27ms -->
      <step title="Cannot Acquire Deployment Lock already held" date="2025-10-31T11:26:12.596" /><!-- duration: 18ms -->
    </step><!-- duration: 234ms -->
    <step title="There is a deployment currently in progress. Please try again when it completes." date="2025-10-31T11:26:12.763" /><!-- duration: 36ms -->
  </step><!-- duration: 610ms -->
  <step title="Outgoing response" date="2025-10-31T11:26:12.927" type="response" statusCode="409" statusText="Conflict" /><!-- duration: 11ms -->
</step><!-- duration: 842ms -->
