<step title="BackgroundTrace" date="2025-10-31T19:04:47.310" instance="62968f" url="/api/zipdeploy" method="POST" >
  <step title="Cleanup Xml Logs" date="2025-10-31T19:04:47.313" >
    <step title="Cleanup Infos" date="2025-10-31T19:04:47.331" totalFiles="300" totalCleanup="140" /><!-- duration: 8ms -->
  </step><!-- duration: 30ms -->
  <step title="Creating temporary deployment - FetchDeploymentManager" date="2025-10-31T19:04:47.527" /><!-- duration: 4ms -->
  <step title="Creating temporary deployment" date="2025-10-31T19:04:47.536" /><!-- duration: 145ms -->
  <step title="Performing fetch based deployment" date="2025-10-31T19:04:47.811" >
    <step title="Cleaning up temp folders from previous zip deployments and extracting pushed zip file /tmp/zipdeploy/9795792e-af53-42a0-8aed-37afd3d13398.zip (25.32 MB) to /tmp/zipdeploy/extracted" date="2025-10-31T19:04:49.144" >
      <step title="ChmodRecursive Process exited with total time taken in ms: 822" date="2025-10-31T19:05:00.110" /><!-- duration: 11ms -->
    </step><!-- duration: 10995ms -->
    <step title="Deployment timer started" date="2025-10-31T19:05:02.169" >
      <step title="DeploymentManager.Deploy(id:07822819-4ebf-46dd-95f5-63e2d7fa9429)" date="2025-10-31T19:05:02.182" >
        <step title="Collecting changeset information" date="2025-10-31T19:05:02.250" /><!-- duration: 319ms -->
        <step title="Updating submodules" date="2025-10-31T19:05:02.589" /><!-- duration: 1235ms -->
        <step title="Determining deployment builder" date="2025-10-31T19:05:04.213" >
          <step title="Builder is OryxBuilder" date="2025-10-31T19:05:04.245" /><!-- duration: 5ms -->
        </step><!-- duration: 43ms -->
        <step title="PreDeployment: context.CleanOutputPath False" date="2025-10-31T19:05:04.374" >
          <step title="PreDeployment: context.OutputPath /home/site/wwwroot" date="2025-10-31T19:05:04.557" >
            <step title="Building" date="2025-10-31T19:05:04.752" >
              <step title="Executing external process" date="2025-10-31T19:05:05.293" type="process" path="bash" arguments="-c &quot;oryx build /tmp/zipdeploy/extracted -o /home/site/wwwroot --platform python --platform-version 3.11 -p virtualenv_name=antenv --log-file /tmp/build-debug.log  -i /tmp/8de18b0664acdc4 --compress-destination-dir | tee /tmp/oryx-build.log ; exit $PIPESTATUS &quot;" >
                <step title="Cpu: gzip(1140,25.070s)+sh(1139,0.000s)+tar(1138,4.270s)+build.sh(962,0.090s)+oryx(940,6.830s)+tee(941,0.000s)+bash(939,0.000s)=total(36.240s)" date="2025-10-31T19:08:38.156" /><!-- duration: 18ms -->
                <step title="bash: no io activity for 61s, prev-cpu=-1.000s, current-cpu=36.240s" date="2025-10-31T19:08:38.186" /><!-- duration: 58ms -->
              </step><!-- duration: 214498ms -->
              <step title="Using PythonDeploymentLogParser" date="2025-10-31T19:08:40.445" /><!-- duration: 10ms -->
              <step title="Triggering recycle (preview mode disabled)." date="2025-10-31T19:08:43.460" /><!-- duration: 20ms -->
              <step title="Modified file to trigger a restart of the app container." date="2025-10-31T19:08:43.539" /><!-- duration: 4ms -->
              <step title="Skip function trigger and logicapp sync because function is not enabled." date="2025-10-31T19:08:43.574" /><!-- duration: 5ms -->
              <step title="Purge deployment items" date="2025-10-31T19:08:45.245" >
                <step title="Remove 69bf422c-, Success, received at 10/31/2025 10:33:59" date="2025-10-31T19:08:45.412" /><!-- duration: 5ms -->
              </step><!-- duration: 177ms -->
            </step><!-- duration: 220792ms -->
          </step><!-- duration: 220994ms -->
          <step title="Cleaning up temp files" date="2025-10-31T19:08:45.555" /><!-- duration: 10972ms -->
          <step title="Cleaning up temp files" date="2025-10-31T19:08:56.558" /><!-- duration: 587ms -->
          <step title="Reloading status file with latest updates" date="2025-10-31T19:08:57.290" >
            <step title="WebHooksManager.PublishEventAsync: PostDeployment" date="2025-10-31T19:08:57.324" /><!-- duration: 548ms -->
          </step><!-- duration: 600ms -->
          <step title="Cleaning up temporary deployment - fetch deployment was successful" date="2025-10-31T19:08:57.911" /><!-- duration: 9ms -->
        </step><!-- duration: 233640ms -->
      </step><!-- duration: 235914ms -->
