<step title="Incoming Request" date="2025-10-31T19:05:06.095" instance="62968f" url="/api/deployments/latest" method="GET" type="request" pid="770,1,27" Accept="*/*" Host="elija-agota.scm.azurewebsites.net" User-Agent="AZURECLI/2.78.0 (MSI)" Accept-Encoding="gzip, deflate" Authorization="Bea..." x-ms-client-request-id="72749761-b68c-11f0-8efb-782b46c5554f" X-ARR-LOG-ID="72749761-b68c-11f0-8efb-782b46c5554f" CLIENT-IP="5.20.231.144:58553" X-SITE-DEPLOYMENT-ID="elija-agota" WAS-DEFAULT-HOSTNAME="elija-agota.scm.azurewebsites.net" X-Forwarded-Proto="https" X-AppService-Proto="https" X-Forwarded-TlsVersion="1.3" X-WAWS-Unencoded-URL="/api/deployments/latest" X-Client-IP="5.20.231.144" X-Client-Port="58553" >
  <step title="Cleanup Xml Logs" date="2025-10-31T19:05:06.099" >
    <step title="Cleanup Infos" date="2025-10-31T19:05:06.129" totalFiles="303" totalCleanup="143" /><!-- duration: 12ms -->
  </step><!-- duration: 53ms -->
  <step title="DeploymentService.GetResult" date="2025-10-31T19:05:06.268" >
    <step title="DeploymentService.GetLatestDeployment" date="2025-10-31T19:05:06.284" >
      <step title="DeploymentManager.GetResults" date="2025-10-31T19:05:06.288" /><!-- duration: 1444ms -->
    </step><!-- duration: 1471ms -->
  </step><!-- duration: 1507ms -->
  <step title="Outgoing response" date="2025-10-31T19:05:07.802" type="response" statusCode="202" statusText="Accepted" /><!-- duration: 20ms -->
</step><!-- duration: 1746ms -->
