<step title="Incoming Request" date="2025-10-31T11:31:47.014" instance="9d9ad2" url="/api/deployments/latest?deployer=OneDeploy&amp;time=2025-10-31_11-29-45Z" method="GET" type="request" pid="771,1,33" Host="elija-agota.scm.azurewebsites.net" User-Agent="GITHUBACTIONS_DeployWebAppToAzure_447cc94276dbd68cf81be55ee451002528eb92b7c86599d217777599f45f742c" Authorization="Bea..." Content-Type="application/json; charset=utf-8" Cookie="ARRAffinity=9d9ad26f55314832f40453d107bc280606f9336225ee3827727ea25821b4efdd;Path=/;HttpOnly;Secure;Domain=elija-agota.scm.azurewebsites.net; ARRAffinitySameSite=9d9ad26f55314832f40453d107bc280606f9336225ee3827727ea25821b4efdd;Path=/;HttpOnly;SameSite=None;Secure;Domain=elija-agota.scm.azurewebsites.net" Content-Length="0" X-ARR-LOG-ID="23939231-1bc7-4951-8647-47df66b49af4" CLIENT-IP="172.182.195.136:56386" X-SITE-DEPLOYMENT-ID="elija-agota" WAS-DEFAULT-HOSTNAME="elija-agota.scm.azurewebsites.net" X-Forwarded-Proto="https" X-AppService-Proto="https" X-Forwarded-TlsVersion="1.3" X-WAWS-Unencoded-URL="/api/deployments/latest?deployer=OneDeploy&amp;time=2025-10-31_11-29-45Z" X-Client-IP="172.182.195.136" X-Client-Port="56386" >
  <step title="Cleanup Xml Logs" date="2025-10-31T11:31:47.031" >
    <step title="Cleanup Infos" date="2025-10-31T11:31:47.078" totalFiles="204" totalCleanup="44" /><!-- duration: 22ms -->
  </step><!-- duration: 87ms -->
  <step title="DeploymentService.GetResult" date="2025-10-31T11:31:47.146" >
    <step title="DeploymentService.GetLatestDeployment" date="2025-10-31T11:31:47.157" >
      <step title="DeploymentManager.GetResults" date="2025-10-31T11:31:47.175" /><!-- duration: 1142ms -->
    </step><!-- duration: 1184ms -->
  </step><!-- duration: 1221ms -->
  <step title="Outgoing response" date="2025-10-31T11:31:48.398" type="response" statusCode="202" statusText="Accepted" /><!-- duration: 44ms -->
</step><!-- duration: 1448ms -->
