<step title="Incoming Request" date="2025-10-31T11:31:26.904" instance="9d9ad2" url="/api/deployments/latest?deployer=OneDeploy&amp;time=2025-10-31_11-29-45Z" method="GET" type="request" pid="771,1,32" Host="elija-agota.scm.azurewebsites.net" User-Agent="GITHUBACTIONS_DeployWebAppToAzure_447cc94276dbd68cf81be55ee451002528eb92b7c86599d217777599f45f742c" Authorization="Bea..." Content-Type="application/json; charset=utf-8" Cookie="ARRAffinity=9d9ad26f55314832f40453d107bc280606f9336225ee3827727ea25821b4efdd;Path=/;HttpOnly;Secure;Domain=elija-agota.scm.azurewebsites.net; ARRAffinitySameSite=9d9ad26f55314832f40453d107bc280606f9336225ee3827727ea25821b4efdd;Path=/;HttpOnly;SameSite=None;Secure;Domain=elija-agota.scm.azurewebsites.net" Content-Length="0" X-ARR-LOG-ID="eee7d51c-b1fb-48da-95bd-e0cd9dbe84cd" CLIENT-IP="172.182.195.136:56384" X-SITE-DEPLOYMENT-ID="elija-agota" WAS-DEFAULT-HOSTNAME="elija-agota.scm.azurewebsites.net" X-Forwarded-Proto="https" X-AppService-Proto="https" X-Forwarded-TlsVersion="1.3" X-WAWS-Unencoded-URL="/api/deployments/latest?deployer=OneDeploy&amp;time=2025-10-31_11-29-45Z" X-Client-IP="172.182.195.136" X-Client-Port="56384" >
  <step title="Cleanup Xml Logs" date="2025-10-31T11:31:26.931" >
    <step title="Cleanup Infos" date="2025-10-31T11:31:27.018" totalFiles="201" totalCleanup="41" /><!-- duration: 57ms -->
  </step><!-- duration: 171ms -->
  <step title="DeploymentService.GetResult" date="2025-10-31T11:31:27.193" >
    <step title="DeploymentService.GetLatestDeployment" date="2025-10-31T11:31:27.217" >
      <step title="DeploymentManager.GetResults" date="2025-10-31T11:31:27.287" /><!-- duration: 1620ms -->
    </step><!-- duration: 1727ms -->
  </step><!-- duration: 1770ms -->
  <step title="Outgoing response" date="2025-10-31T11:31:29.017" type="response" statusCode="202" statusText="Accepted" /><!-- duration: 84ms -->
</step><!-- duration: 2216ms -->
