<step title="BackgroundTrace" date="2025-10-30T21:50:35.947" instance="9d9ad2" url="/api/publish" method="POST" >
  <step title="Creating temporary deployment - FetchDeploymentManager" date="2025-10-30T21:50:36.133" /><!-- duration: 4ms -->
  <step title="Creating temporary deployment" date="2025-10-30T21:50:36.143" /><!-- duration: 236ms -->
  <step title="Performing fetch based deployment" date="2025-10-30T21:50:36.465" >
    <step title="Cleaning up temp folders from previous zip deployments and extracting pushed zip file /tmp/zipdeploy/c2709cd6-89ff-465d-945f-12b21d75a239.zip (0.11 MB) to /tmp/zipdeploy/extracted" date="2025-10-30T21:50:37.818" >
      <step title="ChmodRecursive Process exited with total time taken in ms: 133" date="2025-10-30T21:50:38.086" /><!-- duration: 19ms -->
    </step><!-- duration: 304ms -->
    <step title="Deployment timer started" date="2025-10-30T21:50:40.171" >
      <step title="DeploymentManager.Deploy(id:d32f7412-ee41-40ba-b297-322082b111fe)" date="2025-10-30T21:50:40.182" >
        <step title="Collecting changeset information" date="2025-10-30T21:50:40.240" /><!-- duration: 193ms -->
        <step title="Updating submodules" date="2025-10-30T21:50:40.441" /><!-- duration: 1143ms -->
        <step title="Determining deployment builder" date="2025-10-30T21:50:41.841" >
          <step title="Builder is OneDeployBuilder" date="2025-10-30T21:50:41.868" /><!-- duration: 5ms -->
        </step><!-- duration: 41ms -->
        <step title="PreDeployment: context.CleanOutputPath False" date="2025-10-30T21:50:41.961" >
          <step title="PreDeployment: context.OutputPath /home/site/wwwroot" date="2025-10-30T21:50:42.123" >
            <step title="Building" date="2025-10-30T21:50:42.344" >
              <step title="Executing external process" date="2025-10-30T21:50:42.865" type="process" path="starter.sh" arguments="/opt/Kudu/Scripts/parallel_rsync.sh /tmp/zipdeploy/extracted /home/site/wwwroot 8 /tmp/ False False  " /><!-- duration: 6017ms -->
              <step title="Modified file to trigger a restart of the app container." date="2025-10-30T21:50:49.665" /><!-- duration: 17ms -->
              <step title="Skip function trigger and logicapp sync because function is not enabled." date="2025-10-30T21:50:49.704" /><!-- duration: 20ms -->
            </step><!-- duration: 8339ms -->
          </step><!-- duration: 8567ms -->
          <step title="Cleaning up temp files" date="2025-10-30T21:50:50.694" /><!-- duration: 9ms -->
          <step title="Cleaning up temp files" date="2025-10-30T21:50:50.715" /><!-- duration: 511ms -->
          <step title="Reloading status file with latest updates" date="2025-10-30T21:50:51.815" >
            <step title="WebHooksManager.PublishEventAsync: PostDeployment" date="2025-10-30T21:50:51.826" /><!-- duration: 95ms -->
          </step><!-- duration: 112ms -->
          <step title="Cleaning up temporary deployment - fetch deployment was successful" date="2025-10-30T21:50:51.941" /><!-- duration: 4ms -->
        </step><!-- duration: 10063ms -->
      </step><!-- duration: 11867ms -->
