﻿<?xml version="1.0" encoding="utf-8"?>
<deployment>
  <id>69bf422c-c463-4b28-90ad-29232854d556</id>
  <author>N/A</author>
  <deployer>OneDeploy</deployer>
  <authorEmail>N/A</authorEmail>
  <message>OneDeploy</message>
  <progress></progress>
  <status>Success</status>
  <statusText></statusText>
  <lastSuccessEndTime>2025-10-31T10:37:38.4488458Z</lastSuccessEndTime>
  <receivedTime>2025-10-31T10:33:59.865706Z</receivedTime>
  <startTime>2025-10-31T10:34:01.5020501Z</startTime>
  <endTime>2025-10-31T10:37:38.4488458Z</endTime>
  <complete>True</complete>
  <is_temp>False</is_temp>
  <is_readonly>True</is_readonly>
  <buildSummary />
</deployment>