﻿<?xml version="1.0" encoding="utf-8"?>
<deployment>
  <id>3be37b5e-8b9f-4073-907e-d76779f77674</id>
  <author>N/A</author>
  <deployer>OneDeploy</deployer>
  <authorEmail>N/A</authorEmail>
  <message>OneDeploy</message>
  <progress></progress>
  <status>Success</status>
  <statusText></statusText>
  <lastSuccessEndTime>2025-10-31T10:52:21.5714563Z</lastSuccessEndTime>
  <receivedTime>2025-10-31T10:49:24.958727Z</receivedTime>
  <startTime>2025-10-31T10:49:26.3944446Z</startTime>
  <endTime>2025-10-31T10:52:21.5714563Z</endTime>
  <complete>True</complete>
  <is_temp>False</is_temp>
  <is_readonly>True</is_readonly>
  <buildSummary />
</deployment>