﻿<?xml version="1.0" encoding="utf-8"?>
<deployment>
  <id>d2b4bcdb-4ac3-4e6a-b015-7ce30946d9ee</id>
  <author>N/A</author>
  <deployer>OneDeploy</deployer>
  <authorEmail>N/A</authorEmail>
  <message>OneDeploy</message>
  <progress></progress>
  <status>Success</status>
  <statusText></statusText>
  <lastSuccessEndTime>2025-10-31T18:16:38.5852683Z</lastSuccessEndTime>
  <receivedTime>2025-10-31T18:13:52.8075887Z</receivedTime>
  <startTime>2025-10-31T18:13:54.2375368Z</startTime>
  <endTime>2025-10-31T18:16:38.5852683Z</endTime>
  <complete>True</complete>
  <is_temp>False</is_temp>
  <is_readonly>True</is_readonly>
  <buildSummary />
</deployment>