﻿<?xml version="1.0" encoding="utf-8"?>
<deployment>
  <id>731087da-d4e8-4aad-925f-fc803d60e1e5</id>
  <author>N/A</author>
  <deployer>OneDeploy</deployer>
  <authorEmail>N/A</authorEmail>
  <message>OneDeploy</message>
  <progress></progress>
  <status>Success</status>
  <statusText></statusText>
  <lastSuccessEndTime>2025-10-31T11:21:16.571685Z</lastSuccessEndTime>
  <receivedTime>2025-10-31T11:18:41.7049669Z</receivedTime>
  <startTime>2025-10-31T11:18:43.3914728Z</startTime>
  <endTime>2025-10-31T11:21:16.571685Z</endTime>
  <complete>True</complete>
  <is_temp>False</is_temp>
  <is_readonly>True</is_readonly>
  <buildSummary />
</deployment>