﻿<?xml version="1.0" encoding="utf-8"?>
<deployment>
  <id>1bc647bb-578d-43f1-8ba8-7ce20c56d1c6</id>
  <author>N/A</author>
  <deployer>OneDeploy</deployer>
  <authorEmail>N/A</authorEmail>
  <message>OneDeploy</message>
  <progress></progress>
  <status>Success</status>
  <statusText></statusText>
  <lastSuccessEndTime>2025-10-31T18:33:47.4527834Z</lastSuccessEndTime>
  <receivedTime>2025-10-31T18:33:37.8321688Z</receivedTime>
  <startTime>2025-10-31T18:33:40.1128049Z</startTime>
  <endTime>2025-10-31T18:33:47.4527834Z</endTime>
  <complete>True</complete>
  <is_temp>False</is_temp>
  <is_readonly>True</is_readonly>
  <buildSummary />
</deployment>