﻿<?xml version="1.0" encoding="utf-8"?>
<deployment>
  <id>23964213-5a3b-45fb-acc7-91965baeb487</id>
  <author>N/A</author>
  <deployer>OneDeploy</deployer>
  <authorEmail>N/A</authorEmail>
  <message>OneDeploy</message>
  <progress></progress>
  <status>Success</status>
  <statusText></statusText>
  <lastSuccessEndTime>2025-10-31T11:38:23.8523969Z</lastSuccessEndTime>
  <receivedTime>2025-10-31T11:33:31.5608607Z</receivedTime>
  <startTime>2025-10-31T11:33:33.384314Z</startTime>
  <endTime>2025-10-31T11:38:23.8523969Z</endTime>
  <complete>True</complete>
  <is_temp>False</is_temp>
  <is_readonly>True</is_readonly>
  <buildSummary />
</deployment>